NOME;TELEFONO;LINK_WHATSAPP;SITO;COMUNE;DATA
Pizzeria Roma (ESEMPIO);045 000 0000;https://wa.me/393000000000?text=Buongiorno%2C%20sono%20di%20HubTec.%20Ho%20visto%20che%20Pizzeria%20Roma%20ha%20ottime%20recensioni%20ma%20nessun%20sito%20web%2C%20cosi%20ne%20ho%20preparato%20uno%20gia%20pronto%20per%20voi%3A%20https%3A//hubtecit-srl.github.io/website/il-vicoletto-trattoria-verona.html%20%E2%80%94%20se%20vi%20piace%20e%20vostro%20a%20600%20euro%20una%20tantum%2C%20senza%20impegno.%20Fatemi%20sapere%21;https://hubtecit-srl.github.io/website/il-vicoletto-trattoria-verona.html;Verona;2026-07-17
Studio dentistico Dott. Erbisti Lorenzo;389 822 3174;https://wa.me/393898223174?text=Buongiorno%2C%20sono%20di%20HubTec.%20Ho%20visto%20che%20Studio%20dentistico%20Dott.%20Erbisti%20Lorenzo%20e%20presente%20su%20Google%20ma%20senza%20un%20sito%20web%2C%20cosi%20ne%20ho%20preparato%20uno%20gia%20pronto%20per%20voi%3A%20https%3A//hubtecit-srl.github.io/website/studio-erbisti-affi.html%20-%20se%20vi%20piace%20e%20vostro%20a%20600%20euro%20una%20tantum%2C%20senza%20impegno.%20Fatemi%20sapere%21%20%28Per%20non%20ricevere%20altri%20messaggi%2C%20rispondete%20STOP%29;https://hubtecit-srl.github.io/website/studio-erbisti-affi.html;Affi;2026-07-17
LOVED centro estetico;339 609 9603;https://wa.me/393396099603?text=Buongiorno%2C%20sono%20di%20HubTec.%20Ho%20visto%20che%20LOVED%20centro%20estetico%20ha%20ottime%20recensioni%20ma%20nessun%20sito%20web%2C%20cosi%20ne%20ho%20preparato%20uno%20gia%20pronto%20per%20voi%3A%20https%3A//hubtecit-srl.github.io/website/loved-centro-estetico-affi.html%20-%20se%20vi%20piace%20e%20vostro%20a%20600%20euro%20una%20tantum%2C%20senza%20impegno.%20Fatemi%20sapere%21%20%28Per%20non%20ricevere%20altri%20messaggi%2C%20rispondete%20STOP%29;https://hubtecit-srl.github.io/website/loved-centro-estetico-affi.html;Affi;2026-07-18
Elena Uno Stile;329 755 5933;https://wa.me/393297555933?text=Buongiorno%2C%20sono%20di%20HubTec.%20Ho%20visto%20che%20Elena%20Uno%20Stile%20ha%20ottime%20recensioni%20ma%20nessun%20sito%20web%2C%20cosi%20ne%20ho%20preparato%20uno%20gia%20pronto%20per%20voi%3A%20https%3A//hubtecit-srl.github.io/website/elena-uno-stile-affi.html%20-%20se%20vi%20piace%20e%20vostro%20a%20600%20euro%20una%20tantum%2C%20senza%20impegno.%20Fatemi%20sapere%21%20%28Per%20non%20ricevere%20altri%20messaggi%2C%20rispondete%20STOP%29;https://hubtecit-srl.github.io/website/elena-uno-stile-affi.html;Affi;2026-07-20
Bicigrill Affi;347 409 5651;https://wa.me/393474095651?text=Buongiorno%2C%20sono%20di%20HubTec.%20Ho%20visto%20che%20Bicigrill%20Affi%20ha%20ottime%20recensioni%20ma%20nessun%20sito%20web%2C%20cosi%20ne%20ho%20preparato%20uno%20gia%20pronto%20per%20voi%3A%20https%3A//hubtecit-srl.github.io/website/bicigrill-affi.html%20-%20se%20vi%20piace%20lo%20attiviamo%20con%20soli%20200%20euro%20una%20tantum%2C%20e%20con%20100%20euro%20in%20piu%20avete%20un%20gestionale%20per%20aggiornarlo%20da%20soli%20%28testi%2C%20foto%2C%20orari%29.%20Fatemi%20sapere%21%20%28Per%20non%20ricevere%20altri%20messaggi%2C%20rispondete%20STOP%29;https://hubtecit-srl.github.io/website/bicigrill-affi.html;Affi;2026-07-20
Estetica Ego (di Saggiotto Simonetta);370 166 1259;https://wa.me/393701661259?text=Buongiorno%2C%20sono%20di%20HubTec.%20Ho%20visto%20che%20Estetica%20Ego%20%28di%20Saggiotto%20Simonetta%29%20ha%20ottime%20recensioni%20ma%20nessun%20sito%20web%2C%20cosi%20ne%20ho%20preparato%20uno%20gia%20pronto%20per%20voi%3A%20https%3A//hubtecit-srl.github.io/website/estetica-ego-albaredo.html%20-%20se%20vi%20piace%20lo%20attiviamo%20con%20soli%20200%20euro%20una%20tantum%2C%20e%20con%20100%20euro%20in%20piu%20avete%20un%20gestionale%20per%20aggiornarlo%20da%20soli%20%28testi%2C%20foto%2C%20orari%29.%20Fatemi%20sapere%21%20%28Per%20non%20ricevere%20altri%20messaggi%2C%20rispondete%20STOP%29;https://hubtecit-srl.github.io/website/estetica-ego-albaredo.html;Albaredo d'Adige;2026-07-20
Osteria Dogana dal 1969;338 217 9295;https://wa.me/393382179295?text=Buongiorno%2C%20sono%20di%20HubTec.%20Ho%20visto%20che%20Osteria%20Dogana%20dal%201969%20ha%20ottime%20recensioni%20ma%20nessun%20sito%20web%2C%20cosi%20ne%20ho%20preparato%20uno%20gia%20pronto%20per%20voi%3A%20https%3A//hubtecit-srl.github.io/website/osteria-dogana-albaredo.html%20-%20se%20vi%20piace%20lo%20attiviamo%20con%20soli%20200%20euro%20una%20tantum%2C%20e%20con%20100%20euro%20in%20piu%20avete%20un%20gestionale%20per%20aggiornarlo%20da%20soli%20%28testi%2C%20foto%2C%20orari%29.%20Fatemi%20sapere%21%20%28Per%20non%20ricevere%20altri%20messaggi%2C%20rispondete%20STOP%29;https://hubtecit-srl.github.io/website/osteria-dogana-albaredo.html;Albaredo d'Adige;2026-07-20
Estetica Rachele di Menin Rachele;347 359 8935;https://wa.me/393473598935?text=Buongiorno%2C%20sono%20di%20HubTec.%20Ho%20visto%20che%20Estetica%20Rachele%20di%20Menin%20Rachele%20ha%20ottime%20recensioni%20ma%20nessun%20sito%20web%2C%20cosi%20ne%20ho%20preparato%20uno%20gia%20pronto%20per%20voi%3A%20https%3A//hubtecit-srl.github.io/website/estetica-rachele-albaredo.html%20-%20se%20vi%20piace%20lo%20attiviamo%20con%20soli%20200%20euro%20una%20tantum%2C%20e%20con%20100%20euro%20in%20piu%20avete%20un%20gestionale%20per%20aggiornarlo%20da%20soli%20%28testi%2C%20foto%2C%20orari%29.%20Fatemi%20sapere%21%20%28Per%20non%20ricevere%20altri%20messaggi%2C%20rispondete%20STOP%29;https://hubtecit-srl.github.io/website/estetica-rachele-albaredo.html;Albaredo d'Adige;2026-07-20
Salone Andrea Di Soffiati Andrea;391 300 5001;https://wa.me/393913005001?text=Buongiorno%2C%20sono%20di%20HubTec.%20Ho%20visto%20che%20Salone%20Andrea%20Di%20Soffiati%20Andrea%20ha%20ottime%20recensioni%20ma%20nessun%20sito%20web%2C%20cosi%20ne%20ho%20preparato%20uno%20gia%20pronto%20per%20voi%3A%20https%3A//hubtecit-srl.github.io/website/salone-andrea-albaredo.html%20-%20se%20vi%20piace%20lo%20attiviamo%20con%20soli%20200%20euro%20una%20tantum%2C%20e%20con%20100%20euro%20in%20piu%20avete%20un%20gestionale%20per%20aggiornarlo%20da%20soli%20%28testi%2C%20foto%2C%20orari%29.%20Fatemi%20sapere%21%20%28Per%20non%20ricevere%20altri%20messaggi%2C%20rispondete%20STOP%29;https://hubtecit-srl.github.io/website/salone-andrea-albaredo.html;Albaredo d'Adige;2026-07-20
Hamburgeria;370 150 8787;https://wa.me/393701508787?text=Buongiorno%2C%0ASono%20Laura%20di%20HubTec%2C%20azienda%20di%20Verona.%0A%0AHo%20notato%20che%20avete%20ottime%20recensioni%20ma%20nessun%20sito%20web%2C%20cosi%20ne%20ho%20gia%20preparato%20uno%20per%20voi%2C%20potete%20vederlo%20qui%3A%20https%3A//hubtecit-srl.github.io/website/hamburgeria-affi.html%0A%0ASe%20vi%20piace%2C%20lo%20attiviamo%20con%20soli%20200%E2%82%AC.%0A%0AIn%20piu%2C%20se%20volete%20gestirlo%20in%20autonomia%20%28cambiare%20testi%2C%20foto%2C%20orari%E2%80%A6%29%2C%20possiamo%20aggiungere%20un%20gestionale%20semplice%20a%20soli%20100%E2%82%AC.%0A%0AChiaramente%20lo%20possiamo%20modificare%20con%20logo%20e%20altri%20minimi%20dettagli%20vostri.%0A%0ANessun%20impegno%3A%20dateci%20un%27occhiata%20e%20fatemi%20sapere%20cosa%20ne%20pensate%21%0A%0ALaura%20Borin%20-%20HubTec;https://hubtecit-srl.github.io/website/hamburgeria-affi.html;Affi;2026-07-20
Civico Sei;389 040 5001;https://wa.me/393890405001?text=Buongiorno%2C%0ASono%20Laura%20di%20HubTec%2C%20azienda%20di%20Verona.%0A%0AHo%20notato%20che%20avete%20ottime%20recensioni%20ma%20nessun%20sito%20web%2C%20cosi%20ne%20ho%20gia%20preparato%20uno%20per%20voi%2C%20potete%20vederlo%20qui%3A%20https%3A//hubtecit-srl.github.io/website/civico-sei-albaredo.html%0A%0ASe%20vi%20piace%2C%20lo%20attiviamo%20con%20soli%20200%E2%82%AC.%0A%0AIn%20piu%2C%20se%20volete%20gestirlo%20in%20autonomia%20%28cambiare%20testi%2C%20foto%2C%20orari%E2%80%A6%29%2C%20possiamo%20aggiungere%20un%20gestionale%20semplice%20a%20soli%20100%E2%82%AC.%0A%0AChiaramente%20lo%20possiamo%20modificare%20con%20logo%20e%20altri%20minimi%20dettagli%20vostri.%0A%0ANessun%20impegno%3A%20dateci%20un%27occhiata%20e%20fatemi%20sapere%20cosa%20ne%20pensate%21%0A%0ALaura%20Borin%20-%20HubTec;https://hubtecit-srl.github.io/website/civico-sei-albaredo.html;Albaredo d'Adige;2026-07-20
Barber Chalada;349 284 1982;https://wa.me/393492841982?text=Buongiorno%2C%0ASono%20Laura%20di%20HubTec%2C%20azienda%20di%20Verona.%0A%0AHo%20notato%20che%20avete%20ottime%20recensioni%20ma%20nessun%20sito%20web%2C%20cosi%20ne%20ho%20gia%20preparato%20uno%20per%20voi%2C%20potete%20vederlo%20qui%3A%20https%3A//hubtecit-srl.github.io/website/barber-chalada-albaredo.html%0A%0ASe%20vi%20piace%2C%20lo%20attiviamo%20con%20soli%20200%E2%82%AC.%0A%0AIn%20piu%2C%20se%20volete%20gestirlo%20in%20autonomia%20%28cambiare%20testi%2C%20foto%2C%20orari%E2%80%A6%29%2C%20possiamo%20aggiungere%20un%20gestionale%20semplice%20a%20soli%20100%E2%82%AC.%0A%0AChiaramente%20lo%20possiamo%20modificare%20con%20logo%20e%20altri%20minimi%20dettagli%20vostri.%0A%0ANessun%20impegno%3A%20dateci%20un%27occhiata%20e%20fatemi%20sapere%20cosa%20ne%20pensate%21%0A%0ALaura%20Borin%20-%20HubTec;https://hubtecit-srl.github.io/website/barber-chalada-albaredo.html;Albaredo d'Adige;2026-07-20
Love the hair di Rossignoli Tania;345 129 6078;https://wa.me/393451296078?text=Buongiorno%2C%0ASono%20Laura%20di%20HubTec%2C%20azienda%20di%20Verona.%0A%0AHo%20notato%20che%20avete%20ottime%20recensioni%20ma%20nessun%20sito%20web%2C%20cosi%20ne%20ho%20gia%20preparato%20uno%20per%20voi%2C%20potete%20vederlo%20qui%3A%20https%3A//hubtecit-srl.github.io/website/love-the-hair-albaredo.html%0A%0ASe%20vi%20piace%2C%20lo%20attiviamo%20con%20soli%20200%E2%82%AC.%0A%0AIn%20piu%2C%20se%20volete%20gestirlo%20in%20autonomia%20%28cambiare%20testi%2C%20foto%2C%20orari%E2%80%A6%29%2C%20possiamo%20aggiungere%20un%20gestionale%20semplice%20a%20soli%20100%E2%82%AC.%0A%0AChiaramente%20lo%20possiamo%20modificare%20con%20logo%20e%20altri%20minimi%20dettagli%20vostri.%0A%0ANessun%20impegno%3A%20dateci%20un%27occhiata%20e%20fatemi%20sapere%20cosa%20ne%20pensate%21%0A%0ALaura%20Borin%20-%20HubTec;https://hubtecit-srl.github.io/website/love-the-hair-albaredo.html;Albaredo d'Adige;2026-07-21
Sensity Beauty Fashion;351 807 5347;https://wa.me/393518075347?text=Buongiorno%2C%0ASono%20Laura%20di%20HubTec%2C%20azienda%20di%20Verona.%0A%0AHo%20notato%20che%20avete%20ottime%20recensioni%20ma%20nessun%20sito%20web%2C%20cosi%20ne%20ho%20gia%20preparato%20uno%20per%20voi%2C%20potete%20vederlo%20qui%3A%20https%3A//hubtecit-srl.github.io/website/sensity-beauty-fashion-arcole.html%0A%0ASe%20vi%20piace%2C%20lo%20attiviamo%20con%20soli%20200%E2%82%AC.%0A%0AIn%20piu%2C%20se%20volete%20gestirlo%20in%20autonomia%20%28cambiare%20testi%2C%20foto%2C%20orari%E2%80%A6%29%2C%20possiamo%20aggiungere%20un%20gestionale%20semplice%20a%20soli%20100%E2%82%AC.%0A%0AChiaramente%20lo%20possiamo%20modificare%20con%20logo%20e%20altri%20minimi%20dettagli%20vostri.%0A%0ANessun%20impegno%3A%20dateci%20un%27occhiata%20e%20fatemi%20sapere%20cosa%20ne%20pensate%21%0A%0ALaura%20Borin%20-%20HubTec;https://hubtecit-srl.github.io/website/sensity-beauty-fashion-arcole.html;Arcole;2026-07-21
Acconciature Federica;340 101 8501;https://wa.me/393401018501?text=Buongiorno%2C%0ASono%20Laura%20di%20HubTec%2C%20azienda%20di%20Verona.%0A%0AHo%20notato%20che%20avete%20ottime%20recensioni%20ma%20nessun%20sito%20web%2C%20cosi%20ne%20ho%20gia%20preparato%20uno%20per%20voi%2C%20potete%20vederlo%20qui%3A%20https%3A//hubtecit-srl.github.io/website/acconciature-federica-arcole.html%0A%0ASe%20vi%20piace%2C%20lo%20attiviamo%20con%20soli%20200%E2%82%AC.%0A%0AIn%20piu%2C%20se%20volete%20gestirlo%20in%20autonomia%20%28cambiare%20testi%2C%20foto%2C%20orari%E2%80%A6%29%2C%20possiamo%20aggiungere%20un%20gestionale%20semplice%20a%20soli%20100%E2%82%AC.%0A%0AChiaramente%20lo%20possiamo%20modificare%20con%20logo%20e%20altri%20minimi%20dettagli%20vostri.%0A%0ANessun%20impegno%3A%20dateci%20un%27occhiata%20e%20fatemi%20sapere%20cosa%20ne%20pensate%21%0A%0ALaura%20Borin%20-%20HubTec;https://hubtecit-srl.github.io/website/acconciature-federica-arcole.html;Arcole;2026-07-21
Alessandro Hairdresser;324 565 4236;https://wa.me/393245654236?text=Buongiorno%2C%0ASono%20Laura%20di%20HubTec%2C%20azienda%20di%20Verona.%0A%0AHo%20notato%20che%20avete%20ottime%20recensioni%20ma%20nessun%20sito%20web%2C%20cosi%20ne%20ho%20gia%20preparato%20uno%20per%20voi%2C%20potete%20vederlo%20qui%3A%20https%3A//hubtecit-srl.github.io/website/alessandro-hairdresser-bardolino.html%0A%0ASe%20vi%20piace%2C%20lo%20attiviamo%20con%20soli%20200%E2%82%AC.%0A%0AIn%20piu%2C%20se%20volete%20gestirlo%20in%20autonomia%20%28cambiare%20testi%2C%20foto%2C%20orari%E2%80%A6%29%2C%20possiamo%20aggiungere%20un%20gestionale%20semplice%20a%20soli%20100%E2%82%AC.%0A%0AChiaramente%20lo%20possiamo%20modificare%20con%20logo%20e%20altri%20minimi%20dettagli%20vostri.%0A%0ANessun%20impegno%3A%20dateci%20un%27occhiata%20e%20fatemi%20sapere%20cosa%20ne%20pensate%21%0A%0ALaura%20Borin%20-%20HubTec;https://hubtecit-srl.github.io/website/alessandro-hairdresser-bardolino.html;Bardolino;2026-07-21
Estetica Laura;351 809 7016;https://wa.me/393518097016?text=Buongiorno%2C%0ASono%20Laura%20di%20HubTec%2C%20azienda%20di%20Verona.%0A%0AHo%20notato%20che%20avete%20ottime%20recensioni%20ma%20nessun%20sito%20web%2C%20cosi%20ne%20ho%20gia%20preparato%20uno%20per%20voi%2C%20potete%20vederlo%20qui%3A%20https%3A%2F%2Fhubtecit-srl.github.io%2Fwebsite%2Festetica-laura-bardolino.html%0A%0ASe%20vi%20piace%2C%20lo%20attiviamo%20con%20soli%20200%E2%82%AC.%0A%0AIn%20piu%2C%20se%20volete%20gestirlo%20in%20autonomia%20%28cambiare%20testi%2C%20foto%2C%20orari%E2%80%A6%29%2C%20possiamo%20aggiungere%20un%20gestionale%20semplice%20a%20soli%20100%E2%82%AC.%0A%0AChiaramente%20lo%20possiamo%20modificare%20con%20logo%20e%20altri%20minimi%20dettagli%20vostri.%0A%0ANessun%20impegno%3A%20dateci%20un%27occhiata%20e%20fatemi%20sapere%20cosa%20ne%20pensate%21%0A%0ALaura%20Borin%20-%20HubTec;https://hubtecit-srl.github.io/website/estetica-laura-bardolino.html;Bardolino;2026-07-21
Coiffeuse Chiara;347 729 7709;https://wa.me/393477297709?text=Buongiorno%2C%0ASono%20Laura%20di%20HubTec%2C%20azienda%20di%20Verona.%0A%0AHo%20notato%20che%20avete%20ottime%20recensioni%20ma%20nessun%20sito%20web%2C%20cosi%20ne%20ho%20gia%20preparato%20uno%20per%20voi%2C%20potete%20vederlo%20qui%3A%20https%3A//hubtecit-srl.github.io/website/coiffeuse-chiara-bardolino.html%0A%0ASe%20vi%20piace%2C%20lo%20attiviamo%20con%20soli%20200%E2%82%AC.%0A%0AIn%20piu%2C%20se%20volete%20gestirlo%20in%20autonomia%20%28cambiare%20testi%2C%20foto%2C%20orari%E2%80%A6%29%2C%20possiamo%20aggiungere%20un%20gestionale%20semplice%20a%20soli%20100%E2%82%AC.%0A%0AChiaramente%20lo%20possiamo%20modificare%20con%20logo%20e%20altri%20minimi%20dettagli%20vostri.%0A%0ANessun%20impegno%3A%20dateci%20un%27occhiata%20e%20fatemi%20sapere%20cosa%20ne%20pensate%21%0A%0ALaura%20Borin%20-%20HubTec;https://hubtecit-srl.github.io/website/coiffeuse-chiara-bardolino.html;Bardolino;2026-07-21
M.G. Capelli di Mattiazzo Giulia;338 853 1854;https://wa.me/393388531854?text=Buongiorno%2C%0ASono%20Laura%20di%20HubTec%2C%20azienda%20di%20Verona.%0A%0AHo%20notato%20che%20avete%20ottime%20recensioni%20ma%20nessun%20sito%20web%2C%20cosi%20ne%20ho%20gia%20preparato%20uno%20per%20voi%2C%20potete%20vederlo%20qui%3A%20https%3A//hubtecit-srl.github.io/website/mg-capelli-calmasino.html%0A%0ASe%20vi%20piace%2C%20lo%20attiviamo%20con%20soli%20200%E2%82%AC.%0A%0AIn%20piu%2C%20se%20volete%20gestirlo%20in%20autonomia%20%28cambiare%20testi%2C%20foto%2C%20orari%E2%80%A6%29%2C%20possiamo%20aggiungere%20un%20gestionale%20semplice%20a%20soli%20100%E2%82%AC.%0A%0AChiaramente%20lo%20possiamo%20modificare%20con%20logo%20e%20altri%20minimi%20dettagli%20vostri.%0A%0ANessun%20impegno%3A%20dateci%20un%27occhiata%20e%20fatemi%20sapere%20cosa%20ne%20pensate%21%0A%0ALaura%20Borin%20-%20HubTec;https://hubtecit-srl.github.io/website/mg-capelli-calmasino.html;Calmasino;2026-07-21
Interlook Parrucchieri 2.0;388 816 8445;https://wa.me/393888168445?text=Buongiorno%2C%0ASono%20Laura%20di%20HubTec%2C%20azienda%20di%20Verona.%0A%0AHo%20notato%20che%20avete%20ottime%20recensioni%20ma%20nessun%20sito%20web%2C%20cosi%20ne%20ho%20gia%20preparato%20uno%20per%20voi%2C%20potete%20vederlo%20qui%3A%20https%3A//hubtecit-srl.github.io/website/interlook-parrucchieri-2-bardolino.html%0A%0ASe%20vi%20piace%2C%20lo%20attiviamo%20con%20soli%20200%E2%82%AC.%0A%0AIn%20piu%2C%20se%20volete%20gestirlo%20in%20autonomia%20%28cambiare%20testi%2C%20foto%2C%20orari%E2%80%A6%29%2C%20possiamo%20aggiungere%20un%20gestionale%20semplice%20a%20soli%20100%E2%82%AC.%0A%0AChiaramente%20lo%20possiamo%20modificare%20con%20logo%20e%20altri%20minimi%20dettagli%20vostri.%0A%0ANessun%20impegno%3A%20dateci%20un%27occhiata%20e%20fatemi%20sapere%20cosa%20ne%20pensate%21%0A%0ALaura%20Borin%20-%20HubTec;https://hubtecit-srl.github.io/website/interlook-parrucchieri-2-bardolino.html;Bardolino;2026-07-21
Osteria Al Capitel;389 018 6243;https://wa.me/393890186243?text=Buongiorno%2C%0ASono%20Laura%20di%20HubTec%2C%20azienda%20di%20Verona.%0A%0AHo%20notato%20che%20avete%20ottime%20recensioni%20ma%20nessun%20sito%20web%2C%20cosi%20ne%20ho%20gia%20preparato%20uno%20per%20voi%2C%20potete%20vederlo%20qui%3A%20https%3A//hubtecit-srl.github.io/website/osteria-al-capitel-bardolino.html%0A%0ASe%20vi%20piace%2C%20lo%20attiviamo%20con%20soli%20200%E2%82%AC.%0A%0AIn%20piu%2C%20se%20volete%20gestirlo%20in%20autonomia%20%28cambiare%20testi%2C%20foto%2C%20orari%E2%80%A6%29%2C%20possiamo%20aggiungere%20un%20gestionale%20semplice%20a%20soli%20100%E2%82%AC.%0A%0AChiaramente%20lo%20possiamo%20modificare%20con%20logo%20e%20altri%20minimi%20dettagli%20vostri.%0A%0ANessun%20impegno%3A%20dateci%20un%27occhiata%20e%20fatemi%20sapere%20cosa%20ne%20pensate%21%0A%0ALaura%20Borin%20-%20HubTec;https://hubtecit-srl.github.io/website/osteria-al-capitel-bardolino.html;Bardolino;2026-07-22
Locanda Pescadoro;379 176 7708;https://wa.me/393791767708?text=Buongiorno%2C%0ASono%20Laura%20di%20HubTec%2C%20azienda%20di%20Verona.%0A%0AHo%20notato%20che%20avete%20ottime%20recensioni%20ma%20nessun%20sito%20web%2C%20cosi%20ne%20ho%20gia%20preparato%20uno%20per%20voi%2C%20potete%20vederlo%20qui%3A%20https%3A%2F%2Fhubtecit-srl.github.io%2Fwebsite%2Flocanda-pescadoro-bardolino.html%0A%0ASe%20vi%20piace%2C%20lo%20attiviamo%20con%20soli%20200%E2%82%AC.%0A%0AIn%20piu%2C%20se%20volete%20gestirlo%20in%20autonomia%20%28cambiare%20testi%2C%20foto%2C%20orari%E2%80%A6%29%2C%20possiamo%20aggiungere%20un%20gestionale%20semplice%20a%20soli%20100%E2%82%AC.%0A%0AChiaramente%20lo%20possiamo%20modificare%20con%20logo%20e%20altri%20minimi%20dettagli%20vostri.%0A%0ANessun%20impegno%3A%20dateci%20un%27occhiata%20e%20fatemi%20sapere%20cosa%20ne%20pensate%21%0A%0ALaura%20Borin%20-%20HubTec;https://hubtecit-srl.github.io/website/locanda-pescadoro-bardolino.html;Bardolino;2026-07-22
Rituals Hairstyl Diana;320 807 0380;https://wa.me/393208070380?text=Buongiorno%2C%0ASono%20Laura%20di%20HubTec%2C%20azienda%20di%20Verona.%0A%0AHo%20notato%20che%20avete%20ottime%20recensioni%20ma%20nessun%20sito%20web%2C%20cosi%20ne%20ho%20gia%20preparato%20uno%20per%20voi%2C%20potete%20vederlo%20qui%3A%20https%3A%2F%2Fhubtecit-srl.github.io%2Fwebsite%2Frituals-hairstyl-diana-belfiore.html%0A%0ASe%20vi%20piace%2C%20lo%20attiviamo%20con%20soli%20200%E2%82%AC.%0A%0AIn%20piu%2C%20se%20volete%20gestirlo%20in%20autonomia%20%28cambiare%20testi%2C%20foto%2C%20orari%E2%80%A6%29%2C%20possiamo%20aggiungere%20un%20gestionale%20semplice%20a%20soli%20100%E2%82%AC.%0A%0AChiaramente%20lo%20possiamo%20modificare%20con%20logo%20e%20altri%20minimi%20dettagli%20vostri.%0A%0ANessun%20impegno%3A%20dateci%20un%27occhiata%20e%20fatemi%20sapere%20cosa%20ne%20pensate%21%0A%0ALaura%20Borin%20-%20HubTec;https://hubtecit-srl.github.io/website/rituals-hairstyl-diana-belfiore.html;Belfiore;2026-07-22
L'immagine;340 688 5101;https://wa.me/393406885101?text=Buongiorno%2C%0ASono%20Laura%20di%20HubTec%2C%20azienda%20di%20Verona.%0A%0AHo%20notato%20che%20avete%20ottime%20recensioni%20ma%20nessun%20sito%20web%2C%20cosi%20ne%20ho%20gia%20preparato%20uno%20per%20voi%2C%20potete%20vederlo%20qui%3A%20https%3A%2F%2Fhubtecit-srl.github.io%2Fwebsite%2Flimmagine-belfiore.html%0A%0ASe%20vi%20piace%2C%20lo%20attiviamo%20con%20soli%20200%E2%82%AC.%0A%0AIn%20piu%2C%20se%20volete%20gestirlo%20in%20autonomia%20%28cambiare%20testi%2C%20foto%2C%20orari%E2%80%A6%29%2C%20possiamo%20aggiungere%20un%20gestionale%20semplice%20a%20soli%20100%E2%82%AC.%0A%0AChiaramente%20lo%20possiamo%20modificare%20con%20logo%20e%20altri%20minimi%20dettagli%20vostri.%0A%0ANessun%20impegno%3A%20dateci%20un%27occhiata%20e%20fatemi%20sapere%20cosa%20ne%20pensate%21%0A%0ALaura%20Borin%20-%20HubTec;https://hubtecit-srl.github.io/website/limmagine-belfiore.html;Belfiore;2026-07-22
La Locanda;347 234 5300;https://wa.me/393472345300?text=Buongiorno%2C%0ASono%20Laura%20di%20HubTec%2C%20azienda%20di%20Verona.%0A%0AHo%20notato%20che%20avete%20ottime%20recensioni%20ma%20nessun%20sito%20web%2C%20cosi%20ne%20ho%20gia%20preparato%20uno%20per%20voi%2C%20potete%20vederlo%20qui%3A%20https%3A%2F%2Fhubtecit-srl.github.io%2Fwebsite%2Fla-locanda-bardolino.html%0A%0ASe%20vi%20piace%2C%20lo%20attiviamo%20con%20soli%20200%E2%82%AC.%0A%0AIn%20piu%2C%20se%20volete%20gestirlo%20in%20autonomia%20%28cambiare%20testi%2C%20foto%2C%20orari%E2%80%A6%29%2C%20possiamo%20aggiungere%20un%20gestionale%20semplice%20a%20soli%20100%E2%82%AC.%0A%0AChiaramente%20lo%20possiamo%20modificare%20con%20logo%20e%20altri%20minimi%20dettagli%20vostri.%0A%0ANessun%20impegno%3A%20dateci%20un%27occhiata%20e%20fatemi%20sapere%20cosa%20ne%20pensate%21%0A%0ALaura%20Borin%20-%20HubTec;https://hubtecit-srl.github.io/website/la-locanda-bardolino.html;Bardolino;2026-07-22
Agriturismo La Zerpa;045 764 0735;https://wa.me/393467943064?text=Buongiorno%2C%0ASono%20Laura%20di%20HubTec%2C%20azienda%20di%20Verona.%0A%0AHo%20notato%20che%20avete%20ottime%20recensioni%20ma%20nessun%20sito%20web%2C%20cosi%20ne%20ho%20gia%20preparato%20uno%20per%20voi%2C%20potete%20vederlo%20qui%3A%20https%3A%2F%2Fhubtecit-srl.github.io%2Fwebsite%2Fagriturismo-la-zerpa-belfiore.html%0A%0ASe%20vi%20piace%2C%20lo%20attiviamo%20con%20soli%20200%E2%82%AC.%0A%0AIn%20piu%2C%20se%20volete%20gestirlo%20in%20autonomia%20%28cambiare%20testi%2C%20foto%2C%20orari%E2%80%A6%29%2C%20possiamo%20aggiungere%20un%20gestionale%20semplice%20a%20soli%20100%E2%82%AC.%0A%0AChiaramente%20lo%20possiamo%20modificare%20con%20logo%20e%20altri%20minimi%20dettagli%20vostri.%0A%0ANessun%20impegno%3A%20dateci%20un%27occhiata%20e%20fatemi%20sapere%20cosa%20ne%20pensate%21%0A%0ALaura%20Borin%20-%20HubTec;https://hubtecit-srl.github.io/website/agriturismo-la-zerpa-belfiore.html;Belfiore;2026-07-23

Estetica Experience;351 767 3507;https://wa.me/393517673507?text=Buongiorno%2C%0ASono%20Laura%20di%20HubTec%2C%20azienda%20di%20Verona.%0A%0AHo%20notato%20che%20avete%20ottime%20recensioni%20ma%20nessun%20sito%20web%2C%20cosi%20ne%20ho%20gia%20preparato%20uno%20per%20voi%2C%20potete%20vederlo%20qui%3A%20https%3A//hubtecit-srl.github.io/website/estetica-experience-bovolone.html%0A%0ASe%20vi%20piace%2C%20lo%20attiviamo%20con%20soli%20200%E2%82%AC.%0A%0AIn%20piu%2C%20se%20volete%20gestirlo%20in%20autonomia%20%28cambiare%20testi%2C%20foto%2C%20orari%E2%80%A6%29%2C%20possiamo%20aggiungere%20un%20gestionale%20semplice%20a%20soli%20100%E2%82%AC.%0A%0AChiaramente%20lo%20possiamo%20modificare%20con%20logo%20e%20altri%20minimi%20dettagli%20vostri.%0A%0ANessun%20impegno%3A%20dateci%20un%27occhiata%20e%20fatemi%20sapere%20cosa%20ne%20pensate%21%0A%0ALaura%20Borin%20-%20HubTec;https://hubtecit-srl.github.io/website/estetica-experience-bovolone.html;Bovolone;2026-07-23
Ketty Estetica;340 218 2204;https://wa.me/393402182204?text=Buongiorno%2C%0ASono%20Laura%20di%20HubTec%2C%20azienda%20di%20Verona.%0A%0AHo%20notato%20che%20avete%20ottime%20recensioni%20ma%20nessun%20sito%20web%2C%20cosi%20ne%20ho%20gia%20preparato%20uno%20per%20voi%2C%20potete%20vederlo%20qui%3A%20https%3A//hubtecit-srl.github.io/website/ketty-estetica-bovolone.html%0A%0ASe%20vi%20piace%2C%20lo%20attiviamo%20con%20soli%20200%E2%82%AC.%0A%0AIn%20piu%2C%20se%20volete%20gestirlo%20in%20autonomia%20%28cambiare%20testi%2C%20foto%2C%20orari%E2%80%A6%29%2C%20possiamo%20aggiungere%20un%20gestionale%20semplice%20a%20soli%20100%E2%82%AC.%0A%0AChiaramente%20lo%20possiamo%20modificare%20con%20logo%20e%20altri%20minimi%20dettagli%20vostri.%0A%0ANessun%20impegno%3A%20dateci%20un%27occhiata%20e%20fatemi%20sapere%20cosa%20ne%20pensate%21%0A%0ALaura%20Borin%20-%20HubTec;https://hubtecit-srl.github.io/website/ketty-estetica-bovolone.html;Bovolone;2026-07-23
Semplicemente Cassandra;351 996 7157;https://wa.me/393519967157?text=Buongiorno%2C%0ASono%20Laura%20di%20HubTec%2C%20azienda%20di%20Verona.%0A%0AHo%20notato%20che%20avete%20ottime%20recensioni%20ma%20nessun%20sito%20web%2C%20cosi%20ne%20ho%20gia%20preparato%20uno%20per%20voi%2C%20potete%20vederlo%20qui%3A%20https%3A//hubtecit-srl.github.io/website/semplicemente-cassandra-bovolone.html%0A%0ASe%20vi%20piace%2C%20lo%20attiviamo%20con%20soli%20200%E2%82%AC.%0A%0AIn%20piu%2C%20se%20volete%20gestirlo%20in%20autonomia%20%28cambiare%20testi%2C%20foto%2C%20orari%E2%80%A6%29%2C%20possiamo%20aggiungere%20un%20gestionale%20semplice%20a%20soli%20100%E2%82%AC.%0A%0AChiaramente%20lo%20possiamo%20modificare%20con%20logo%20e%20altri%20minimi%20dettagli%20vostri.%0A%0ANessun%20impegno%3A%20dateci%20un%27occhiata%20e%20fatemi%20sapere%20cosa%20ne%20pensate%21%0A%0ALaura%20Borin%20-%20HubTec;https://hubtecit-srl.github.io/website/semplicemente-cassandra-bovolone.html;Bovolone;2026-07-23
Vclass Estetica Avanzata;340 556 2411;https://wa.me/393405562411?text=Buongiorno%2C%0ASono%20Laura%20di%20HubTec%2C%20azienda%20di%20Verona.%0A%0AHo%20notato%20che%20avete%20ottime%20recensioni%20ma%20nessun%20sito%20web%2C%20cosi%20ne%20ho%20gia%20preparato%20uno%20per%20voi%2C%20potete%20vederlo%20qui%3A%20https%3A%2F%2Fhubtecit-srl.github.io%2Fwebsite%2Fvclass-estetica-avanzata-bovolone.html%0A%0ASe%20vi%20piace%2C%20lo%20attiviamo%20con%20soli%20200%E2%82%AC.%0A%0AIn%20piu%2C%20se%20volete%20gestirlo%20in%20autonomia%20%28cambiare%20testi%2C%20foto%2C%20orari%E2%80%A6%29%2C%20possiamo%20aggiungere%20un%20gestionale%20semplice%20a%20soli%20100%E2%82%AC.%0A%0AChiaramente%20lo%20possiamo%20modificare%20con%20logo%20e%20altri%20minimi%20dettagli%20vostri.%0A%0ANessun%20impegno%3A%20dateci%20un%27occhiata%20e%20fatemi%20sapere%20cosa%20ne%20pensate%21%0A%0ALaura%20Borin%20-%20HubTec;https://hubtecit-srl.github.io/website/vclass-estetica-avanzata-bovolone.html;Bovolone;2026-07-23
U3Elisa NAIL SPA Centro Estetico;375 670 1394;https://wa.me/393756701394?text=Buongiorno%2C%0ASono%20Laura%20di%20HubTec%2C%20azienda%20di%20Verona.%0A%0AHo%20notato%20che%20avete%20ottime%20recensioni%20ma%20nessun%20sito%20web%2C%20cosi%20ne%20ho%20gia%20preparato%20uno%20per%20voi%2C%20potete%20vederlo%20qui%3A%20https%3A%2F%2Fhubtecit-srl.github.io%2Fwebsite%2Fu3elisa-nail-spa-bovolone.html%0A%0ASe%20vi%20piace%2C%20lo%20attiviamo%20con%20soli%20200%E2%82%AC.%0A%0AIn%20piu%2C%20se%20volete%20gestirlo%20in%20autonomia%20%28cambiare%20testi%2C%20foto%2C%20orari%E2%80%A6%29%2C%20possiamo%20aggiungere%20un%20gestionale%20semplice%20a%20soli%20100%E2%82%AC.%0A%0AChiaramente%20lo%20possiamo%20modificare%20con%20logo%20e%20altri%20minimi%20dettagli%20vostri.%0A%0ANessun%20impegno%3A%20dateci%20un%27occhiata%20e%20fatemi%20sapere%20cosa%20ne%20pensate%21%0A%0ALaura%20Borin%20-%20HubTec;https://hubtecit-srl.github.io/website/u3elisa-nail-spa-bovolone.html;Bovolone;2026-07-23
Innova Estetica;339 850 5309;https://wa.me/393398505309?text=Buongiorno%2C%0ASono%20Laura%20di%20HubTec%2C%20azienda%20di%20Verona.%0A%0AHo%20notato%20che%20avete%20ottime%20recensioni%20ma%20nessun%20sito%20web%2C%20cosi%20ne%20ho%20gia%20preparato%20uno%20per%20voi%2C%20potete%20vederlo%20qui%3A%20https%3A%2F%2Fhubtecit-srl.github.io%2Fwebsite%2Finnova-estetica-bovolone.html%0A%0ASe%20vi%20piace%2C%20lo%20attiviamo%20con%20soli%20200%E2%82%AC.%0A%0AIn%20piu%2C%20se%20volete%20gestirlo%20in%20autonomia%20%28cambiare%20testi%2C%20foto%2C%20orari%E2%80%A6%29%2C%20possiamo%20aggiungere%20un%20gestionale%20semplice%20a%20soli%20100%E2%82%AC.%0A%0AChiaramente%20lo%20possiamo%20modificare%20con%20logo%20e%20altri%20minimi%20dettagli%20vostri.%0A%0ANessun%20impegno%3A%20dateci%20un%27occhiata%20e%20fatemi%20sapere%20cosa%20ne%20pensate%21%0A%0ALaura%20Borin%20-%20HubTec;https://hubtecit-srl.github.io/website/innova-estetica-bovolone.html;Bovolone;2026-07-23
Centro estetico Karma;392 567 6365;https://wa.me/393925676365?text=Buongiorno%2C%0ASono%20Laura%20di%20HubTec%2C%20azienda%20di%20Verona.%0A%0AHo%20notato%20che%20avete%20ottime%20recensioni%20ma%20nessun%20sito%20web%2C%20cosi%20ne%20ho%20gia%20preparato%20uno%20per%20voi%2C%20potete%20vederlo%20qui%3A%20https%3A%2F%2Fhubtecit-srl.github.io%2Fwebsite%2Fcentro-estetico-karma-bovolone.html%0A%0ASe%20vi%20piace%2C%20lo%20attiviamo%20con%20soli%20200%E2%82%AC.%0A%0AIn%20piu%2C%20se%20volete%20gestirlo%20in%20autonomia%20%28cambiare%20testi%2C%20foto%2C%20orari%E2%80%A6%29%2C%20possiamo%20aggiungere%20un%20gestionale%20semplice%20a%20soli%20100%E2%82%AC.%0A%0AChiaramente%20lo%20possiamo%20modificare%20con%20logo%20e%20altri%20minimi%20dettagli%20vostri.%0A%0ANessun%20impegno%3A%20dateci%20un%27occhiata%20e%20fatemi%20sapere%20cosa%20ne%20pensate%21%0A%0ALaura%20Borin%20-%20HubTec;https://hubtecit-srl.github.io/website/centro-estetico-karma-bovolone.html;Bovolone;2026-07-23
Sorelle Nail Studio;328 422 2598;https://wa.me/393284222598?text=Buongiorno%2C%0ASono%20Laura%20di%20HubTec%2C%20azienda%20di%20Verona.%0A%0AHo%20notato%20che%20avete%20ottime%20recensioni%20ma%20nessun%20sito%20web%2C%20cosi%20ne%20ho%20gia%20preparato%20uno%20per%20voi%2C%20potete%20vederlo%20qui%3A%20https%3A%2F%2Fhubtecit-srl.github.io%2Fwebsite%2Fsorelle-nail-studio-bovolone.html%0A%0ASe%20vi%20piace%2C%20lo%20attiviamo%20con%20soli%20200%E2%82%AC.%0A%0AIn%20piu%2C%20se%20volete%20gestirlo%20in%20autonomia%20%28cambiare%20testi%2C%20foto%2C%20orari%E2%80%A6%29%2C%20possiamo%20aggiungere%20un%20gestionale%20semplice%20a%20soli%20100%E2%82%AC.%0A%0AChiaramente%20lo%20possiamo%20modificare%20con%20logo%20e%20altri%20minimi%20dettagli%20vostri.%0A%0ANessun%20impegno%3A%20dateci%20un%27occhiata%20e%20fatemi%20sapere%20cosa%20ne%20pensate%21%0A%0ALaura%20Borin%20-%20HubTec;https://hubtecit-srl.github.io/website/sorelle-nail-studio-bovolone.html;Bovolone;2026-07-23
EsteticaMente;392 889 9470;https://wa.me/393928899470?text=Buongiorno%2C%0ASono%20Laura%20di%20HubTec%2C%20azienda%20di%20Verona.%0A%0AHo%20notato%20che%20avete%20ottime%20recensioni%20ma%20nessun%20sito%20web%2C%20cosi%20ne%20ho%20gia%20preparato%20uno%20per%20voi%2C%20potete%20vederlo%20qui%3A%20https%3A//hubtecit-srl.github.io/website/esteticamente-bovolone.html%0A%0ASe%20vi%20piace%2C%20lo%20attiviamo%20con%20soli%20200%E2%82%AC.%0A%0AIn%20piu%2C%20se%20volete%20gestirlo%20in%20autonomia%20%28cambiare%20testi%2C%20foto%2C%20orari%E2%80%A6%29%2C%20possiamo%20aggiungere%20un%20gestionale%20semplice%20a%20soli%20100%E2%82%AC.%0A%0AChiaramente%20lo%20possiamo%20modificare%20con%20logo%20e%20altri%20minimi%20dettagli%20vostri.%0A%0ANessun%20impegno%3A%20dateci%20un%27occhiata%20e%20fatemi%20sapere%20cosa%20ne%20pensate%21%0A%0ALaura%20Borin%20-%20HubTec;https://hubtecit-srl.github.io/website/esteticamente-bovolone.html;Bovolone;2026-07-23
Hair Glamour Parrucchieri;393 609 5283;https://wa.me/393936095283?text=Buongiorno%2C%0ASono%20Laura%20di%20HubTec%2C%20azienda%20di%20Verona.%0A%0AHo%20notato%20che%20avete%20ottime%20recensioni%20ma%20nessun%20sito%20web%2C%20cosi%20ne%20ho%20gia%20preparato%20uno%20per%20voi%2C%20potete%20vederlo%20qui%3A%20https%3A//hubtecit-srl.github.io/website/hair-glamour-parrucchieri-bovolone.html%0A%0ASe%20vi%20piace%2C%20lo%20attiviamo%20con%20soli%20200%E2%82%AC.%0A%0AIn%20piu%2C%20se%20volete%20gestirlo%20in%20autonomia%20%28cambiare%20testi%2C%20foto%2C%20orari%E2%80%A6%29%2C%20possiamo%20aggiungere%20un%20gestionale%20semplice%20a%20soli%20100%E2%82%AC.%0A%0AChiaramente%20lo%20possiamo%20modificare%20con%20logo%20e%20altri%20minimi%20dettagli%20vostri.%0A%0ANessun%20impegno%3A%20dateci%20un%27occhiata%20e%20fatemi%20sapere%20cosa%20ne%20pensate%21%0A%0ALaura%20Borin%20-%20HubTec;https://hubtecit-srl.github.io/website/hair-glamour-parrucchieri-bovolone.html;Bovolone;2026-07-23
ARI•AMAÈ;393 251 5112;https://wa.me/393932515112?text=Buongiorno%2C%0ASono%20Laura%20di%20HubTec%2C%20azienda%20di%20Verona.%0A%0AHo%20notato%20che%20avete%20ottime%20recensioni%20ma%20nessun%20sito%20web%2C%20cosi%20ne%20ho%20gia%20preparato%20uno%20per%20voi%2C%20potete%20vederlo%20qui%3A%20https%3A//hubtecit-srl.github.io/website/ari-amae-bovolone.html%0A%0ASe%20vi%20piace%2C%20lo%20attiviamo%20con%20soli%20200%E2%82%AC.%0A%0AIn%20piu%2C%20se%20volete%20gestirlo%20in%20autonomia%20%28cambiare%20testi%2C%20foto%2C%20orari%E2%80%A6%29%2C%20possiamo%20aggiungere%20un%20gestionale%20semplice%20a%20soli%20100%E2%82%AC.%0A%0AChiaramente%20lo%20possiamo%20modificare%20con%20logo%20e%20altri%20minimi%20dettagli%20vostri.%0A%0ANessun%20impegno%3A%20dateci%20un%27occhiata%20e%20fatemi%20sapere%20cosa%20ne%20pensate%21%0A%0ALaura%20Borin%20-%20HubTec;https://hubtecit-srl.github.io/website/ari-amae-bovolone.html;Bovolone;2026-07-23
Tanja Hair Studio;348 559 1287;https://wa.me/393485591287?text=Buongiorno%2C%0ASono%20Laura%20di%20HubTec%2C%20azienda%20di%20Verona.%0A%0AHo%20notato%20che%20avete%20ottime%20recensioni%20ma%20nessun%20sito%20web%2C%20cosi%20ne%20ho%20gia%20preparato%20uno%20per%20voi%2C%20potete%20vederlo%20qui%3A%20https%3A//hubtecit-srl.github.io/website/tanja-hair-studio-bovolone.html%0A%0ASe%20vi%20piace%2C%20lo%20attiviamo%20con%20soli%20200%E2%82%AC.%0A%0AIn%20piu%2C%20se%20volete%20gestirlo%20in%20autonomia%20%28cambiare%20testi%2C%20foto%2C%20orari%E2%80%A6%29%2C%20possiamo%20aggiungere%20un%20gestionale%20semplice%20a%20soli%20100%E2%82%AC.%0A%0AChiaramente%20lo%20possiamo%20modificare%20con%20logo%20e%20altri%20minimi%20dettagli%20vostri.%0A%0ANessun%20impegno%3A%20dateci%20un%27occhiata%20e%20fatemi%20sapere%20cosa%20ne%20pensate%21%0A%0ALaura%20Borin%20-%20HubTec;https://hubtecit-srl.github.io/website/tanja-hair-studio-bovolone.html;Bovolone;2026-07-23
Vanity Hair;352 004 2640;https://wa.me/393520042640?text=Buongiorno%2C%0ASono%20Laura%20di%20HubTec%2C%20azienda%20di%20Verona.%0A%0AHo%20notato%20che%20avete%20ottime%20recensioni%20ma%20nessun%20sito%20web%2C%20cosi%20ne%20ho%20gia%20preparato%20uno%20per%20voi%2C%20potete%20vederlo%20qui%3A%20https%3A//hubtecit-srl.github.io/website/vanity-hair-bovolone.html%0A%0ASe%20vi%20piace%2C%20lo%20attiviamo%20con%20soli%20200%E2%82%AC.%0A%0AIn%20piu%2C%20se%20volete%20gestirlo%20in%20autonomia%20%28cambiare%20testi%2C%20foto%2C%20orari%E2%80%A6%29%2C%20possiamo%20aggiungere%20un%20gestionale%20semplice%20a%20soli%20100%E2%82%AC.%0A%0AChiaramente%20lo%20possiamo%20modificare%20con%20logo%20e%20altri%20minimi%20dettagli%20vostri.%0A%0ANessun%20impegno%3A%20dateci%20un%27occhiata%20e%20fatemi%20sapere%20cosa%20ne%20pensate%21%0A%0ALaura%20Borin%20-%20HubTec;https://hubtecit-srl.github.io/website/vanity-hair-bovolone.html;Bovolone;2026-07-23
J&T HAIR;377 882 8236;https://wa.me/393778828236?text=Buongiorno%2C%0ASono%20Laura%20di%20HubTec%2C%20azienda%20di%20Verona.%0A%0AHo%20notato%20che%20avete%20ottime%20recensioni%20ma%20nessun%20sito%20web%2C%20cosi%20ne%20ho%20gia%20preparato%20uno%20per%20voi%2C%20potete%20vederlo%20qui%3A%20https%3A//hubtecit-srl.github.io/website/jt-hair-bovolone.html%0A%0ASe%20vi%20piace%2C%20lo%20attiviamo%20con%20soli%20200%E2%82%AC.%0A%0AIn%20piu%2C%20se%20volete%20gestirlo%20in%20autonomia%20%28cambiare%20testi%2C%20foto%2C%20orari%E2%80%A6%29%2C%20possiamo%20aggiungere%20un%20gestionale%20semplice%20a%20soli%20100%E2%82%AC.%0A%0AChiaramente%20lo%20possiamo%20modificare%20con%20logo%20e%20altri%20minimi%20dettagli%20vostri.%0A%0ANessun%20impegno%3A%20dateci%20un%27occhiata%20e%20fatemi%20sapere%20cosa%20ne%20pensate%21%0A%0ALaura%20Borin%20-%20HubTec;https://hubtecit-srl.github.io/website/jt-hair-bovolone.html;Bovolone;2026-07-23
HairLove di Giorgia Tarocco;345 599 5697;https://wa.me/393455995697?text=Buongiorno%2C%0ASono%20Laura%20di%20HubTec%2C%20azienda%20di%20Verona.%0A%0AHo%20notato%20che%20avete%20ottime%20recensioni%20ma%20nessun%20sito%20web%2C%20cosi%20ne%20ho%20gia%20preparato%20uno%20per%20voi%2C%20potete%20vederlo%20qui%3A%20https%3A%2F%2Fhubtecit-srl.github.io%2Fwebsite%2Fhairlove-giorgia-tarocco-bovolone.html%0A%0ASe%20vi%20piace%2C%20lo%20attiviamo%20con%20soli%20200%E2%82%AC.%0A%0AIn%20piu%2C%20se%20volete%20gestirlo%20in%20autonomia%20%28cambiare%20testi%2C%20foto%2C%20orari%E2%80%A6%29%2C%20possiamo%20aggiungere%20un%20gestionale%20semplice%20a%20soli%20100%E2%82%AC.%0A%0AChiaramente%20lo%20possiamo%20modificare%20con%20logo%20e%20altri%20minimi%20dettagli%20vostri.%0A%0ANessun%20impegno%3A%20dateci%20un%27occhiata%20e%20fatemi%20sapere%20cosa%20ne%20pensate%21%0A%0ALaura%20Borin%20-%20HubTec;https://hubtecit-srl.github.io/website/hairlove-giorgia-tarocco-bovolone.html;Bovolone;2026-07-23
BM Hair Solution | Metodo Corè;340 789 4110;https://wa.me/393407894110?text=Buongiorno%2C%0ASono%20Laura%20di%20HubTec%2C%20azienda%20di%20Verona.%0A%0AHo%20notato%20che%20avete%20ottime%20recensioni%20ma%20nessun%20sito%20web%2C%20cosi%20ne%20ho%20gia%20preparato%20uno%20per%20voi%2C%20potete%20vederlo%20qui%3A%20https%3A%2F%2Fhubtecit-srl.github.io%2Fwebsite%2Fbm-hair-solution-bovolone.html%0A%0ASe%20vi%20piace%2C%20lo%20attiviamo%20con%20soli%20200%E2%82%AC.%0A%0AIn%20piu%2C%20se%20volete%20gestirlo%20in%20autonomia%20%28cambiare%20testi%2C%20foto%2C%20orari%E2%80%A6%29%2C%20possiamo%20aggiungere%20un%20gestionale%20semplice%20a%20soli%20100%E2%82%AC.%0A%0AChiaramente%20lo%20possiamo%20modificare%20con%20logo%20e%20altri%20minimi%20dettagli%20vostri.%0A%0ANessun%20impegno%3A%20dateci%20un%27occhiata%20e%20fatemi%20sapere%20cosa%20ne%20pensate%21%0A%0ALaura%20Borin%20-%20HubTec;https://hubtecit-srl.github.io/website/bm-hair-solution-bovolone.html;Bovolone;2026-07-23

Marina élite image;348 936 1845;https://wa.me/393489361845?text=Buongiorno%2C%0ASono%20Laura%20di%20HubTec%2C%20azienda%20di%20Verona.%0A%0AHo%20notato%20che%20avete%20ottime%20recensioni%20ma%20nessun%20sito%20web%2C%20cosi%20ne%20ho%20gia%20preparato%20uno%20per%20voi%2C%20potete%20vederlo%20qui%3A%20https%3A%2F%2Fhubtecit-srl.github.io%2Fwebsite%2Fmarina-elite-image-bovolone.html%0A%0ASe%20vi%20piace%2C%20lo%20attiviamo%20con%20soli%20200%E2%82%AC.%0A%0AIn%20piu%2C%20se%20volete%20gestirlo%20in%20autonomia%20%28cambiare%20testi%2C%20foto%2C%20orari%E2%80%A6%29%2C%20possiamo%20aggiungere%20un%20gestionale%20semplice%20a%20soli%20100%E2%82%AC.%0A%0AChiaramente%20lo%20possiamo%20modificare%20con%20logo%20e%20altri%20minimi%20dettagli%20vostri.%0A%0ANessun%20impegno%3A%20dateci%20un%27occhiata%20e%20fatemi%20sapere%20cosa%20ne%20pensate%21%0A%0ALaura%20Borin%20-%20HubTec;https://hubtecit-srl.github.io/website/marina-elite-image-bovolone.html;Bovolone;2026-07-23
Luxury Barbershop;379 187 3762;https://wa.me/393791873762?text=Buongiorno%2C%0ASono%20Laura%20di%20HubTec%2C%20azienda%20di%20Verona.%0A%0AHo%20notato%20che%20avete%20ottime%20recensioni%20ma%20nessun%20sito%20web%2C%20cosi%20ne%20ho%20gia%20preparato%20uno%20per%20voi%2C%20potete%20vederlo%20qui%3A%20https%3A%2F%2Fhubtecit-srl.github.io%2Fwebsite%2Fluxury-barbershop-bovolone.html%0A%0ASe%20vi%20piace%2C%20lo%20attiviamo%20con%20soli%20200%E2%82%AC.%0A%0AIn%20piu%2C%20se%20volete%20gestirlo%20in%20autonomia%20%28cambiare%20testi%2C%20foto%2C%20orari%E2%80%A6%29%2C%20possiamo%20aggiungere%20un%20gestionale%20semplice%20a%20soli%20100%E2%82%AC.%0A%0AChiaramente%20lo%20possiamo%20modificare%20con%20logo%20e%20altri%20minimi%20dettagli%20vostri.%0A%0ANessun%20impegno%3A%20dateci%20un%27occhiata%20e%20fatemi%20sapere%20cosa%20ne%20pensate%21%0A%0ALaura%20Borin%20-%20HubTec;https://hubtecit-srl.github.io/website/luxury-barbershop-bovolone.html;Bovolone;2026-07-23
Parrucchiere Ginetto;349 527 3243;https://wa.me/393495273243?text=Buongiorno%2C%0ASono%20Laura%20di%20HubTec%2C%20azienda%20di%20Verona.%0A%0AHo%20notato%20che%20avete%20ottime%20recensioni%20ma%20nessun%20sito%20web%2C%20cosi%20ne%20ho%20gia%20preparato%20uno%20per%20voi%2C%20potete%20vederlo%20qui%3A%20https%3A%2F%2Fhubtecit-srl.github.io%2Fwebsite%2Fparrucchiere-ginetto-bovolone.html%0A%0ASe%20vi%20piace%2C%20lo%20attiviamo%20con%20soli%20200%E2%82%AC.%0A%0AIn%20piu%2C%20se%20volete%20gestirlo%20in%20autonomia%20%28cambiare%20testi%2C%20foto%2C%20orari%E2%80%A6%29%2C%20possiamo%20aggiungere%20un%20gestionale%20semplice%20a%20soli%20100%E2%82%AC.%0A%0AChiaramente%20lo%20possiamo%20modificare%20con%20logo%20e%20altri%20minimi%20dettagli%20vostri.%0A%0ANessun%20impegno%3A%20dateci%20un%27occhiata%20e%20fatemi%20sapere%20cosa%20ne%20pensate%21%0A%0ALaura%20Borin%20-%20HubTec;https://hubtecit-srl.github.io/website/parrucchiere-ginetto-bovolone.html;Bovolone;2026-07-23
Salone Lorella LeieLui;349 422 5644;https://wa.me/393494225644?text=Buongiorno%2C%0ASono%20Laura%20di%20HubTec%2C%20azienda%20di%20Verona.%0A%0AHo%20notato%20che%20avete%20ottime%20recensioni%20ma%20nessun%20sito%20web%2C%20cosi%20ne%20ho%20gia%20preparato%20uno%20per%20voi%2C%20potete%20vederlo%20qui%3A%20https%3A%2F%2Fhubtecit-srl.github.io%2Fwebsite%2Fsalone-lorella-leielui-bovolone.html%0A%0ASe%20vi%20piace%2C%20lo%20attiviamo%20con%20soli%20200%E2%82%AC.%0A%0AIn%20piu%2C%20se%20volete%20gestirlo%20in%20autonomia%20%28cambiare%20testi%2C%20foto%2C%20orari%E2%80%A6%29%2C%20possiamo%20aggiungere%20un%20gestionale%20semplice%20a%20soli%20100%E2%82%AC.%0A%0AChiaramente%20lo%20possiamo%20modificare%20con%20logo%20e%20altri%20minimi%20dettagli%20vostri.%0A%0ANessun%20impegno%3A%20dateci%20un%27occhiata%20e%20fatemi%20sapere%20cosa%20ne%20pensate%21%0A%0ALaura%20Borin%20-%20HubTec;https://hubtecit-srl.github.io/website/salone-lorella-leielui-bovolone.html;Bovolone;2026-07-23
Chinato Federica;348 670 3666;https://wa.me/393486703666?text=Buongiorno%2C%0ASono%20Laura%20di%20HubTec%2C%20azienda%20di%20Verona.%0A%0AHo%20notato%20che%20avete%20ottime%20recensioni%20ma%20nessun%20sito%20web%2C%20cosi%20ne%20ho%20gia%20preparato%20uno%20per%20voi%2C%20potete%20vederlo%20qui%3A%20https%3A%2F%2Fhubtecit-srl.github.io%2Fwebsite%2Fchinato-federica-bovolone.html%0A%0ASe%20vi%20piace%2C%20lo%20attiviamo%20con%20soli%20200%E2%82%AC.%0A%0AIn%20piu%2C%20se%20volete%20gestirlo%20in%20autonomia%20%28cambiare%20testi%2C%20foto%2C%20orari%E2%80%A6%29%2C%20possiamo%20aggiungere%20un%20gestionale%20semplice%20a%20soli%20100%E2%82%AC.%0A%0AChiaramente%20lo%20possiamo%20modificare%20con%20logo%20e%20altri%20minimi%20dettagli%20vostri.%0A%0ANessun%20impegno%3A%20dateci%20un%27occhiata%20e%20fatemi%20sapere%20cosa%20ne%20pensate%21%0A%0ALaura%20Borin%20-%20HubTec;https://hubtecit-srl.github.io/website/chinato-federica-bovolone.html;Bovolone;2026-07-23
Moda Capelli di Giacon Stefano;348 408 2293;https://wa.me/393484082293?text=Buongiorno%2C%0ASono%20Laura%20di%20HubTec%2C%20azienda%20di%20Verona.%0A%0AHo%20notato%20che%20avete%20ottime%20recensioni%20ma%20nessun%20sito%20web%2C%20cosi%20ne%20ho%20gia%20preparato%20uno%20per%20voi%2C%20potete%20vederlo%20qui%3A%20https%3A%2F%2Fhubtecit-srl.github.io%2Fwebsite%2Fmoda-capelli-giacon-bovolone.html%0A%0ASe%20vi%20piace%2C%20lo%20attiviamo%20con%20soli%20200%E2%82%AC.%0A%0AIn%20piu%2C%20se%20volete%20gestirlo%20in%20autonomia%20%28cambiare%20testi%2C%20foto%2C%20orari%E2%80%A6%29%2C%20possiamo%20aggiungere%20un%20gestionale%20semplice%20a%20soli%20100%E2%82%AC.%0A%0AChiaramente%20lo%20possiamo%20modificare%20con%20logo%20e%20altri%20minimi%20dettagli%20vostri.%0A%0ANessun%20impegno%3A%20dateci%20un%27occhiata%20e%20fatemi%20sapere%20cosa%20ne%20pensate%21%0A%0ALaura%20Borin%20-%20HubTec;https://hubtecit-srl.github.io/website/moda-capelli-giacon-bovolone.html;Bovolone;2026-07-23
Strada Facendo Ristorante Pizzeria;347 828 8383;https://wa.me/393478288383?text=Buongiorno%2C%0ASono%20Laura%20di%20HubTec%2C%20azienda%20di%20Verona.%0A%0AHo%20notato%20che%20avete%20ottime%20recensioni%20ma%20nessun%20sito%20web%2C%20cosi%20ne%20ho%20gia%20preparato%20uno%20per%20voi%2C%20potete%20vederlo%20qui%3A%20https%3A%2F%2Fhubtecit-srl.github.io%2Fwebsite%2Fstrada-facendo-bovolone.html%0A%0ASe%20vi%20piace%2C%20lo%20attiviamo%20con%20soli%20200%E2%82%AC.%0A%0AIn%20piu%2C%20se%20volete%20gestirlo%20in%20autonomia%20%28cambiare%20testi%2C%20foto%2C%20orari%E2%80%A6%29%2C%20possiamo%20aggiungere%20un%20gestionale%20semplice%20a%20soli%20100%E2%82%AC.%0A%0AChiaramente%20lo%20possiamo%20modificare%20con%20logo%20e%20altri%20minimi%20dettagli%20vostri.%0A%0ANessun%20impegno%3A%20dateci%20un%27occhiata%20e%20fatemi%20sapere%20cosa%20ne%20pensate%21%0A%0ALaura%20Borin%20-%20HubTec;https://hubtecit-srl.github.io/website/strada-facendo-bovolone.html;Bovolone;2026-07-23
SUSAN;334 241 8654;https://wa.me/393342418654?text=Buongiorno%2C%0ASono%20Laura%20di%20HubTec%2C%20azienda%20di%20Verona.%0A%0AHo%20notato%20che%20avete%20ottime%20recensioni%20ma%20nessun%20sito%20web%2C%20cosi%20ne%20ho%20gia%20preparato%20uno%20per%20voi%2C%20potete%20vederlo%20qui%3A%20https%3A%2F%2Fhubtecit-srl.github.io%2Fwebsite%2Fsusan-bovolone.html%0A%0ASe%20vi%20piace%2C%20lo%20attiviamo%20con%20soli%20200%E2%82%AC.%0A%0AIn%20piu%2C%20se%20volete%20gestirlo%20in%20autonomia%20%28cambiare%20testi%2C%20foto%2C%20orari%E2%80%A6%29%2C%20possiamo%20aggiungere%20un%20gestionale%20semplice%20a%20soli%20100%E2%82%AC.%0A%0AChiaramente%20lo%20possiamo%20modificare%20con%20logo%20e%20altri%20minimi%20dettagli%20vostri.%0A%0ANessun%20impegno%3A%20dateci%20un%27occhiata%20e%20fatemi%20sapere%20cosa%20ne%20pensate%21%0A%0ALaura%20Borin%20-%20HubTec;https://hubtecit-srl.github.io/website/susan-bovolone.html;Bovolone;2026-07-23
Osteria Pizol;388 158 1483;https://wa.me/393881581483?text=Buongiorno%2C%0ASono%20Laura%20di%20HubTec%2C%20azienda%20di%20Verona.%0A%0AHo%20notato%20che%20avete%20ottime%20recensioni%20ma%20nessun%20sito%20web%2C%20cosi%20ne%20ho%20gia%20preparato%20uno%20per%20voi%2C%20potete%20vederlo%20qui%3A%20https%3A%2F%2Fhubtecit-srl.github.io%2Fwebsite%2Fosteria-pizol-bovolone.html%0A%0ASe%20vi%20piace%2C%20lo%20attiviamo%20con%20soli%20200%E2%82%AC.%0A%0AIn%20piu%2C%20se%20volete%20gestirlo%20in%20autonomia%20%28cambiare%20testi%2C%20foto%2C%20orari%E2%80%A6%29%2C%20possiamo%20aggiungere%20un%20gestionale%20semplice%20a%20soli%20100%E2%82%AC.%0A%0AChiaramente%20lo%20possiamo%20modificare%20con%20logo%20e%20altri%20minimi%20dettagli%20vostri.%0A%0ANessun%20impegno%3A%20dateci%20un%27occhiata%20e%20fatemi%20sapere%20cosa%20ne%20pensate%21%0A%0ALaura%20Borin%20-%20HubTec;https://hubtecit-srl.github.io/website/osteria-pizol-bovolone.html;Bovolone;2026-07-23
Night & Day Pub Irlandese;342 354 3686;https://wa.me/393423543686?text=Buongiorno%2C%0ASono%20Laura%20di%20HubTec%2C%20azienda%20di%20Verona.%0A%0AHo%20notato%20che%20avete%20ottime%20recensioni%20ma%20nessun%20sito%20web%2C%20cosi%20ne%20ho%20gia%20preparato%20uno%20per%20voi%2C%20potete%20vederlo%20qui%3A%20https%3A//hubtecit-srl.github.io/website/night-and-day-pub-bovolone.html%0A%0ASe%20vi%20piace%2C%20lo%20attiviamo%20con%20soli%20200%E2%82%AC.%0A%0AIn%20piu%2C%20se%20volete%20gestirlo%20in%20autonomia%20%28cambiare%20testi%2C%20foto%2C%20orari%E2%80%A6%29%2C%20possiamo%20aggiungere%20un%20gestionale%20semplice%20a%20soli%20100%E2%82%AC.%0A%0AChiaramente%20lo%20possiamo%20modificare%20con%20logo%20e%20altri%20minimi%20dettagli%20vostri.%0A%0ANessun%20impegno%3A%20dateci%20un%27occhiata%20e%20fatemi%20sapere%20cosa%20ne%20pensate%21%0A%0ALaura%20Borin%20-%20HubTec;https://hubtecit-srl.github.io/website/night-and-day-pub-bovolone.html;Bovolone;2026-07-24
I Ciuski;351 449 4523;https://wa.me/393514494523?text=Buongiorno%2C%0ASono%20Laura%20di%20HubTec%2C%20azienda%20di%20Verona.%0A%0AHo%20notato%20che%20avete%20ottime%20recensioni%20ma%20nessun%20sito%20web%2C%20cosi%20ne%20ho%20gia%20preparato%20uno%20per%20voi%2C%20potete%20vederlo%20qui%3A%20https%3A//hubtecit-srl.github.io/website/i-ciuski-bovolone.html%0A%0ASe%20vi%20piace%2C%20lo%20attiviamo%20con%20soli%20200%E2%82%AC.%0A%0AIn%20piu%2C%20se%20volete%20gestirlo%20in%20autonomia%20%28cambiare%20testi%2C%20foto%2C%20orari%E2%80%A6%29%2C%20possiamo%20aggiungere%20un%20gestionale%20semplice%20a%20soli%20100%E2%82%AC.%0A%0AChiaramente%20lo%20possiamo%20modificare%20con%20logo%20e%20altri%20minimi%20dettagli%20vostri.%0A%0ANessun%20impegno%3A%20dateci%20un%27occhiata%20e%20fatemi%20sapere%20cosa%20ne%20pensate%21%0A%0ALaura%20Borin%20-%20HubTec;https://hubtecit-srl.github.io/website/i-ciuski-bovolone.html;Bovolone;2026-07-24
Ardesia Pizzeria Ristorante;388 478 1231;https://wa.me/393884781231?text=Buongiorno%2C%0ASono%20Laura%20di%20HubTec%2C%20azienda%20di%20Verona.%0A%0AHo%20notato%20che%20avete%20ottime%20recensioni%20ma%20nessun%20sito%20web%2C%20cosi%20ne%20ho%20gia%20preparato%20uno%20per%20voi%2C%20potete%20vederlo%20qui%3A%20https%3A//hubtecit-srl.github.io/website/ardesia-pizzeria-bovolone.html%0A%0ASe%20vi%20piace%2C%20lo%20attiviamo%20con%20soli%20200%E2%82%AC.%0A%0AIn%20piu%2C%20se%20volete%20gestirlo%20in%20autonomia%20%28cambiare%20testi%2C%20foto%2C%20orari%E2%80%A6%29%2C%20possiamo%20aggiungere%20un%20gestionale%20semplice%20a%20soli%20100%E2%82%AC.%0A%0AChiaramente%20lo%20possiamo%20modificare%20con%20logo%20e%20altri%20minimi%20dettagli%20vostri.%0A%0ANessun%20impegno%3A%20dateci%20un%27occhiata%20e%20fatemi%20sapere%20cosa%20ne%20pensate%21%0A%0ALaura%20Borin%20-%20HubTec;https://hubtecit-srl.github.io/website/ardesia-pizzeria-bovolone.html;Bovolone;2026-07-24
Orchidea Nails & Beauty;349 382 3726;https://wa.me/393493823726?text=Buongiorno%2C%0ASono%20Laura%20di%20HubTec%2C%20azienda%20di%20Verona.%0A%0AHo%20notato%20che%20avete%20ottime%20recensioni%20ma%20nessun%20sito%20web%2C%20cosi%20ne%20ho%20gia%20preparato%20uno%20per%20voi%2C%20potete%20vederlo%20qui%3A%20https%3A%2F%2Fhubtecit-srl.github.io%2Fwebsite%2Forchidea-nails-beauty-bussolengo.html%0A%0ASe%20vi%20piace%2C%20lo%20attiviamo%20con%20soli%20200%E2%82%AC.%0A%0AIn%20piu%2C%20se%20volete%20gestirlo%20in%20autonomia%20%28cambiare%20testi%2C%20foto%2C%20orari%E2%80%A6%29%2C%20possiamo%20aggiungere%20un%20gestionale%20semplice%20a%20soli%20100%E2%82%AC.%0A%0AChiaramente%20lo%20possiamo%20modificare%20con%20logo%20e%20altri%20minimi%20dettagli%20vostri.%0A%0ANessun%20impegno%3A%20dateci%20un%27occhiata%20e%20fatemi%20sapere%20cosa%20ne%20pensate%21%0A%0ALaura%20Borin%20-%20HubTec;https://hubtecit-srl.github.io/website/orchidea-nails-beauty-bussolengo.html;Bussolengo;2026-07-24
Centro Estetico Glicine;333 599 0814;https://wa.me/393335990814?text=Buongiorno%2C%0ASono%20Laura%20di%20HubTec%2C%20azienda%20di%20Verona.%0A%0AHo%20notato%20che%20avete%20ottime%20recensioni%20ma%20nessun%20sito%20web%2C%20cosi%20ne%20ho%20gia%20preparato%20uno%20per%20voi%2C%20potete%20vederlo%20qui%3A%20https%3A%2F%2Fhubtecit-srl.github.io%2Fwebsite%2Fcentro-estetico-glicine-bussolengo.html%0A%0ASe%20vi%20piace%2C%20lo%20attiviamo%20con%20soli%20200%E2%82%AC.%0A%0AIn%20piu%2C%20se%20volete%20gestirlo%20in%20autonomia%20%28cambiare%20testi%2C%20foto%2C%20orari%E2%80%A6%29%2C%20possiamo%20aggiungere%20un%20gestionale%20semplice%20a%20soli%20100%E2%82%AC.%0A%0AChiaramente%20lo%20possiamo%20modificare%20con%20logo%20e%20altri%20minimi%20dettagli%20vostri.%0A%0ANessun%20impegno%3A%20dateci%20un%27occhiata%20e%20fatemi%20sapere%20cosa%20ne%20pensate%21%0A%0ALaura%20Borin%20-%20HubTec;https://hubtecit-srl.github.io/website/centro-estetico-glicine-bussolengo.html;Bussolengo;2026-07-24
Fior di Loto di Sara e Marta;324 987 2942;https://wa.me/393249872942?text=Buongiorno%2C%0ASono%20Laura%20di%20HubTec%2C%20azienda%20di%20Verona.%0A%0AHo%20notato%20che%20avete%20ottime%20recensioni%20ma%20nessun%20sito%20web%2C%20cosi%20ne%20ho%20gia%20preparato%20uno%20per%20voi%2C%20potete%20vederlo%20qui%3A%20https%3A%2F%2Fhubtecit-srl.github.io%2Fwebsite%2Ffior-di-loto-bussolengo.html%0A%0ASe%20vi%20piace%2C%20lo%20attiviamo%20con%20soli%20200%E2%82%AC.%0A%0AIn%20piu%2C%20se%20volete%20gestirlo%20in%20autonomia%20%28cambiare%20testi%2C%20foto%2C%20orari%E2%80%A6%29%2C%20possiamo%20aggiungere%20un%20gestionale%20semplice%20a%20soli%20100%E2%82%AC.%0A%0AChiaramente%20lo%20possiamo%20modificare%20con%20logo%20e%20altri%20minimi%20dettagli%20vostri.%0A%0ANessun%20impegno%3A%20dateci%20un%27occhiata%20e%20fatemi%20sapere%20cosa%20ne%20pensate%21%0A%0ALaura%20Borin%20-%20HubTec;https://hubtecit-srl.github.io/website/fior-di-loto-bussolengo.html;Bussolengo;2026-07-24
Marina Estetica di Marina Mazzi;348 175 8648;https://wa.me/393481758648?text=Buongiorno%2C%0ASono%20Laura%20di%20HubTec%2C%20azienda%20di%20Verona.%0A%0AHo%20notato%20che%20avete%20ottime%20recensioni%20ma%20nessun%20sito%20web%2C%20cosi%20ne%20ho%20gia%20preparato%20uno%20per%20voi%2C%20potete%20vederlo%20qui%3A%20https%3A%2F%2Fhubtecit-srl.github.io%2Fwebsite%2Fmarina-estetica-bussolengo.html%0A%0ASe%20vi%20piace%2C%20lo%20attiviamo%20con%20soli%20200%E2%82%AC.%0A%0AIn%20piu%2C%20se%20volete%20gestirlo%20in%20autonomia%20%28cambiare%20testi%2C%20foto%2C%20orari%E2%80%A6%29%2C%20possiamo%20aggiungere%20un%20gestionale%20semplice%20a%20soli%20100%E2%82%AC.%0A%0AChiaramente%20lo%20possiamo%20modificare%20con%20logo%20e%20altri%20minimi%20dettagli%20vostri.%0A%0ANessun%20impegno%3A%20dateci%20un%27occhiata%20e%20fatemi%20sapere%20cosa%20ne%20pensate%21%0A%0ALaura%20Borin%20-%20HubTec;https://hubtecit-srl.github.io/website/marina-estetica-bussolengo.html;Bussolengo;2026-07-24
Nico & Co. Parrucchieri Barbieri;346 417 3316;https://wa.me/393464173316?text=Buongiorno%2C%0ASono%20Laura%20di%20HubTec%2C%20azienda%20di%20Verona.%0A%0AHo%20notato%20che%20avete%20ottime%20recensioni%20ma%20nessun%20sito%20web%2C%20cosi%20ne%20ho%20gia%20preparato%20uno%20per%20voi%2C%20potete%20vederlo%20qui%3A%20https%3A%2F%2Fhubtecit-srl.github.io%2Fwebsite%2Fnico-e-co-parrucchieri-bussolengo.html%0A%0ASe%20vi%20piace%2C%20lo%20attiviamo%20con%20soli%20200%E2%82%AC.%0A%0AIn%20piu%2C%20se%20volete%20gestirlo%20in%20autonomia%20%28cambiare%20testi%2C%20foto%2C%20orari%E2%80%A6%29%2C%20possiamo%20aggiungere%20un%20gestionale%20semplice%20a%20soli%20100%E2%82%AC.%0A%0AChiaramente%20lo%20possiamo%20modificare%20con%20logo%20e%20altri%20minimi%20dettagli%20vostri.%0A%0ANessun%20impegno%3A%20dateci%20un%27occhiata%20e%20fatemi%20sapere%20cosa%20ne%20pensate%21%0A%0ALaura%20Borin%20-%20HubTec;https://hubtecit-srl.github.io/website/nico-e-co-parrucchieri-bussolengo.html;Bussolengo;2026-07-24
La Medina Hair;376 218 9136;https://wa.me/393762189136?text=Buongiorno%2C%0ASono%20Laura%20di%20HubTec%2C%20azienda%20di%20Verona.%0A%0AHo%20notato%20che%20avete%20ottime%20recensioni%20ma%20nessun%20sito%20web%2C%20cosi%20ne%20ho%20gia%20preparato%20uno%20per%20voi%2C%20potete%20vederlo%20qui%3A%20https%3A%2F%2Fhubtecit-srl.github.io%2Fwebsite%2Fla-medina-hair-bussolengo.html%0A%0ASe%20vi%20piace%2C%20lo%20attiviamo%20con%20soli%20200%E2%82%AC.%0A%0AIn%20piu%2C%20se%20volete%20gestirlo%20in%20autonomia%20%28cambiare%20testi%2C%20foto%2C%20orari%E2%80%A6%29%2C%20possiamo%20aggiungere%20un%20gestionale%20semplice%20a%20soli%20100%E2%82%AC.%0A%0AChiaramente%20lo%20possiamo%20modificare%20con%20logo%20e%20altri%20minimi%20dettagli%20vostri.%0A%0ANessun%20impegno%3A%20dateci%20un%27occhiata%20e%20fatemi%20sapere%20cosa%20ne%20pensate%21%0A%0ALaura%20Borin%20-%20HubTec;https://hubtecit-srl.github.io/website/la-medina-hair-bussolengo.html;Bussolengo;2026-07-24
Lory Acconciature;347 665 4891;https://wa.me/393476654891?text=Buongiorno%2C%0ASono%20Laura%20di%20HubTec%2C%20azienda%20di%20Verona.%0A%0AHo%20notato%20che%20avete%20ottime%20recensioni%20ma%20nessun%20sito%20web%2C%20cosi%20ne%20ho%20gia%20preparato%20uno%20per%20voi%2C%20potete%20vederlo%20qui%3A%20https%3A%2F%2Fhubtecit-srl.github.io%2Fwebsite%2Flory-acconciature-bussolengo.html%0A%0ASe%20vi%20piace%2C%20lo%20attiviamo%20con%20soli%20200%E2%82%AC.%0A%0AIn%20piu%2C%20se%20volete%20gestirlo%20in%20autonomia%20%28cambiare%20testi%2C%20foto%2C%20orari%E2%80%A6%29%2C%20possiamo%20aggiungere%20un%20gestionale%20semplice%20a%20soli%20100%E2%82%AC.%0A%0AChiaramente%20lo%20possiamo%20modificare%20con%20logo%20e%20altri%20minimi%20dettagli%20vostri.%0A%0ANessun%20impegno%3A%20dateci%20un%27occhiata%20e%20fatemi%20sapere%20cosa%20ne%20pensate%21%0A%0ALaura%20Borin%20-%20HubTec;https://hubtecit-srl.github.io/website/lory-acconciature-bussolengo.html;Bussolengo;2026-07-24
La Perla Hairstyle;339 405 3997;https://wa.me/393394053997?text=Buongiorno%2C%0ASono%20Laura%20di%20HubTec%2C%20azienda%20di%20Verona.%0A%0AHo%20notato%20che%20avete%20ottime%20recensioni%20ma%20nessun%20sito%20web%2C%20cosi%20ne%20ho%20gia%20preparato%20uno%20per%20voi%2C%20potete%20vederlo%20qui%3A%20https%3A%2F%2Fhubtecit-srl.github.io%2Fwebsite%2Fla-perla-hairstyle-bussolengo.html%0A%0ASe%20vi%20piace%2C%20lo%20attiviamo%20con%20soli%20200%E2%82%AC.%0A%0AIn%20piu%2C%20se%20volete%20gestirlo%20in%20autonomia%20%28cambiare%20testi%2C%20foto%2C%20orari%E2%80%A6%29%2C%20possiamo%20aggiungere%20un%20gestionale%20semplice%20a%20soli%20100%E2%82%AC.%0A%0AChiaramente%20lo%20possiamo%20modificare%20con%20logo%20e%20altri%20minimi%20dettagli%20vostri.%0A%0ANessun%20impegno%3A%20dateci%20un%27occhiata%20e%20fatemi%20sapere%20cosa%20ne%20pensate%21%0A%0ALaura%20Borin%20-%20HubTec;https://hubtecit-srl.github.io/website/la-perla-hairstyle-bussolengo.html;Bussolengo;2026-07-24
Parrucchiera Elena;334 760 3468;https://wa.me/393347603468?text=Buongiorno%2C%0ASono%20Laura%20di%20HubTec%2C%20azienda%20di%20Verona.%0A%0AHo%20notato%20che%20avete%20ottime%20recensioni%20ma%20nessun%20sito%20web%2C%20cosi%20ne%20ho%20gia%20preparato%20uno%20per%20voi%2C%20potete%20vederlo%20qui%3A%20https%3A%2F%2Fhubtecit-srl.github.io%2Fwebsite%2Fparrucchiera-elena-bussolengo.html%0A%0ASe%20vi%20piace%2C%20lo%20attiviamo%20con%20soli%20200%E2%82%AC.%0A%0AIn%20piu%2C%20se%20volete%20gestirlo%20in%20autonomia%20%28cambiare%20testi%2C%20foto%2C%20orari%E2%80%A6%29%2C%20possiamo%20aggiungere%20un%20gestionale%20semplice%20a%20soli%20100%E2%82%AC.%0A%0AChiaramente%20lo%20possiamo%20modificare%20con%20logo%20e%20altri%20minimi%20dettagli%20vostri.%0A%0ANessun%20impegno%3A%20dateci%20un%27occhiata%20e%20fatemi%20sapere%20cosa%20ne%20pensate%21%0A%0ALaura%20Borin%20-%20HubTec;https://hubtecit-srl.github.io/website/parrucchiera-elena-bussolengo.html;Bussolengo;2026-07-24
Stella Parrucchieri;338 969 8155;https://wa.me/393389698155?text=Buongiorno%2C%0ASono%20Laura%20di%20HubTec%2C%20azienda%20di%20Verona.%0A%0AHo%20notato%20che%20avete%20ottime%20recensioni%20ma%20nessun%20sito%20web%2C%20cosi%20ne%20ho%20gia%20preparato%20uno%20per%20voi%2C%20potete%20vederlo%20qui%3A%20https%3A//hubtecit-srl.github.io/website/stella-parrucchieri-bussolengo.html%0A%0ASe%20vi%20piace%2C%20lo%20attiviamo%20con%20soli%20200%E2%82%AC.%0A%0AIn%20piu%2C%20se%20volete%20gestirlo%20in%20autonomia%20%28cambiare%20testi%2C%20foto%2C%20orari%E2%80%A6%29%2C%20possiamo%20aggiungere%20un%20gestionale%20semplice%20a%20soli%20100%E2%82%AC.%0A%0AChiaramente%20lo%20possiamo%20modificare%20con%20logo%20e%20altri%20minimi%20dettagli%20vostri.%0A%0ANessun%20impegno%3A%20dateci%20un%27occhiata%20e%20fatemi%20sapere%20cosa%20ne%20pensate%21%0A%0ALaura%20Borin%20-%20HubTec;https://hubtecit-srl.github.io/website/stella-parrucchieri-bussolengo.html;Bussolengo;2026-07-24
Mad Head Acconciature;342 136 9320;https://wa.me/393421369320?text=Buongiorno%2C%0ASono%20Laura%20di%20HubTec%2C%20azienda%20di%20Verona.%0A%0AHo%20notato%20che%20avete%20ottime%20recensioni%20ma%20nessun%20sito%20web%2C%20cosi%20ne%20ho%20gia%20preparato%20uno%20per%20voi%2C%20potete%20vederlo%20qui%3A%20https%3A//hubtecit-srl.github.io/website/mad-head-acconciature-bussolengo.html%0A%0ASe%20vi%20piace%2C%20lo%20attiviamo%20con%20soli%20200%E2%82%AC.%0A%0AIn%20piu%2C%20se%20volete%20gestirlo%20in%20autonomia%20%28cambiare%20testi%2C%20foto%2C%20orari%E2%80%A6%29%2C%20possiamo%20aggiungere%20un%20gestionale%20semplice%20a%20soli%20100%E2%82%AC.%0A%0AChiaramente%20lo%20possiamo%20modificare%20con%20logo%20e%20altri%20minimi%20dettagli%20vostri.%0A%0ANessun%20impegno%3A%20dateci%20un%27occhiata%20e%20fatemi%20sapere%20cosa%20ne%20pensate%21%0A%0ALaura%20Borin%20-%20HubTec;https://hubtecit-srl.github.io/website/mad-head-acconciature-bussolengo.html;Bussolengo;2026-07-24
Osteria El Borgo;347 138 0815;https://wa.me/393471380815?text=Buongiorno%2C%0ASono%20Laura%20di%20HubTec%2C%20azienda%20di%20Verona.%0A%0AHo%20notato%20che%20avete%20ottime%20recensioni%20ma%20nessun%20sito%20web%2C%20cosi%20ne%20ho%20gia%20preparato%20uno%20per%20voi%2C%20potete%20vederlo%20qui%3A%20https%3A//hubtecit-srl.github.io/website/osteria-el-borgo-bussolengo.html%0A%0ASe%20vi%20piace%2C%20lo%20attiviamo%20con%20soli%20200%E2%82%AC.%0A%0AIn%20piu%2C%20se%20volete%20gestirlo%20in%20autonomia%20%28cambiare%20testi%2C%20foto%2C%20orari%E2%80%A6%29%2C%20possiamo%20aggiungere%20un%20gestionale%20semplice%20a%20soli%20100%E2%82%AC.%0A%0AChiaramente%20lo%20possiamo%20modificare%20con%20logo%20e%20altri%20minimi%20dettagli%20vostri.%0A%0ANessun%20impegno%3A%20dateci%20un%27occhiata%20e%20fatemi%20sapere%20cosa%20ne%20pensate%21%0A%0ALaura%20Borin%20-%20HubTec;https://hubtecit-srl.github.io/website/osteria-el-borgo-bussolengo.html;Bussolengo;2026-07-24
Iris Estetica Irene;340 868 7129;https://wa.me/393408687129?text=Buongiorno%2C%0ASono%20Laura%20di%20HubTec%2C%20azienda%20di%20Verona.%0A%0AHo%20notato%20che%20avete%20ottime%20recensioni%20ma%20nessun%20sito%20web%2C%20cosi%20ne%20ho%20gia%20preparato%20uno%20per%20voi%2C%20potete%20vederlo%20qui%3A%20https%3A//hubtecit-srl.github.io/website/iris-estetica-irene-buttapietra.html%0A%0ASe%20vi%20piace%2C%20lo%20attiviamo%20con%20soli%20200%E2%82%AC.%0A%0AIn%20piu%2C%20se%20volete%20gestirlo%20in%20autonomia%20%28cambiare%20testi%2C%20foto%2C%20orari%E2%80%A6%29%2C%20possiamo%20aggiungere%20un%20gestionale%20semplice%20a%20soli%20100%E2%82%AC.%0A%0AChiaramente%20lo%20possiamo%20modificare%20con%20logo%20e%20altri%20minimi%20dettagli%20vostri.%0A%0ANessun%20impegno%3A%20dateci%20un%27occhiata%20e%20fatemi%20sapere%20cosa%20ne%20pensate%21%0A%0ALaura%20Borin%20-%20HubTec;https://hubtecit-srl.github.io/website/iris-estetica-irene-buttapietra.html;Buttapietra;2026-07-24
Centro Estetico Dea Ninfea;342 756 0248;https://wa.me/393427560248?text=Buongiorno%2C%0ASono%20Laura%20di%20HubTec%2C%20azienda%20di%20Verona.%0A%0AHo%20notato%20che%20avete%20ottime%20recensioni%20ma%20nessun%20sito%20web%2C%20cosi%20ne%20ho%20gia%20preparato%20uno%20per%20voi%2C%20potete%20vederlo%20qui%3A%20https%3A//hubtecit-srl.github.io/website/centro-estetico-dea-ninfea-buttapietra.html%0A%0ASe%20vi%20piace%2C%20lo%20attiviamo%20con%20soli%20200%E2%82%AC.%0A%0AIn%20piu%2C%20se%20volete%20gestirlo%20in%20autonomia%20%28cambiare%20testi%2C%20foto%2C%20orari%E2%80%A6%29%2C%20possiamo%20aggiungere%20un%20gestionale%20semplice%20a%20soli%20100%E2%82%AC.%0A%0AChiaramente%20lo%20possiamo%20modificare%20con%20logo%20e%20altri%20minimi%20dettagli%20vostri.%0A%0ANessun%20impegno%3A%20dateci%20un%27occhiata%20e%20fatemi%20sapere%20cosa%20ne%20pensate%21%0A%0ALaura%20Borin%20-%20HubTec;https://hubtecit-srl.github.io/website/centro-estetico-dea-ninfea-buttapietra.html;Buttapietra;2026-07-24
AKROMA Hair Studio;392 168 3167;https://wa.me/393921683167?text=Buongiorno%2C%0ASono%20Laura%20di%20HubTec%2C%20azienda%20di%20Verona.%0A%0AHo%20notato%20che%20avete%20ottime%20recensioni%20ma%20nessun%20sito%20web%2C%20cosi%20ne%20ho%20gia%20preparato%20uno%20per%20voi%2C%20potete%20vederlo%20qui%3A%20https%3A//hubtecit-srl.github.io/website/akroma-hair-studio-buttapietra.html%0A%0ASe%20vi%20piace%2C%20lo%20attiviamo%20con%20soli%20200%E2%82%AC.%0A%0AIn%20piu%2C%20se%20volete%20gestirlo%20in%20autonomia%20%28cambiare%20testi%2C%20foto%2C%20orari%E2%80%A6%29%2C%20possiamo%20aggiungere%20un%20gestionale%20semplice%20a%20soli%20100%E2%82%AC.%0A%0AChiaramente%20lo%20possiamo%20modificare%20con%20logo%20e%20altri%20minimi%20dettagli%20vostri.%0A%0ANessun%20impegno%3A%20dateci%20un%27occhiata%20e%20fatemi%20sapere%20cosa%20ne%20pensate%21%0A%0ALaura%20Borin%20-%20HubTec;https://hubtecit-srl.github.io/website/akroma-hair-studio-buttapietra.html;Buttapietra;2026-07-24
Le Acconciature di Carla;342 639 6224;https://wa.me/393426396224?text=Buongiorno%2C%0ASono%20Laura%20di%20HubTec%2C%20azienda%20di%20Verona.%0A%0AHo%20notato%20che%20avete%20ottime%20recensioni%20ma%20nessun%20sito%20web%2C%20cosi%20ne%20ho%20gia%20preparato%20uno%20per%20voi%2C%20potete%20vederlo%20qui%3A%20https%3A//hubtecit-srl.github.io/website/le-acconciature-di-carla-buttapietra.html%0A%0ASe%20vi%20piace%2C%20lo%20attiviamo%20con%20soli%20200%E2%82%AC.%0A%0AIn%20piu%2C%20se%20volete%20gestirlo%20in%20autonomia%20%28cambiare%20testi%2C%20foto%2C%20orari%E2%80%A6%29%2C%20possiamo%20aggiungere%20un%20gestionale%20semplice%20a%20soli%20100%E2%82%AC.%0A%0AChiaramente%20lo%20possiamo%20modificare%20con%20logo%20e%20altri%20minimi%20dettagli%20vostri.%0A%0ANessun%20impegno%3A%20dateci%20un%27occhiata%20e%20fatemi%20sapere%20cosa%20ne%20pensate%21%0A%0ALaura%20Borin%20-%20HubTec;https://hubtecit-srl.github.io/website/le-acconciature-di-carla-buttapietra.html;Buttapietra;2026-07-24
Turkish Pizza Kebab;389 195 3784;https://wa.me/393891953784?text=Buongiorno%2C%0ASono%20Laura%20di%20HubTec%2C%20azienda%20di%20Verona.%0A%0AHo%20notato%20che%20avete%20ottime%20recensioni%20ma%20nessun%20sito%20web%2C%20cosi%20ne%20ho%20gia%20preparato%20uno%20per%20voi%2C%20potete%20vederlo%20qui%3A%20https%3A//hubtecit-srl.github.io/website/turkish-pizza-kebab-buttapietra.html%0A%0ASe%20vi%20piace%2C%20lo%20attiviamo%20con%20soli%20200%E2%82%AC.%0A%0AIn%20piu%2C%20se%20volete%20gestirlo%20in%20autonomia%20%28cambiare%20testi%2C%20foto%2C%20orari%E2%80%A6%29%2C%20possiamo%20aggiungere%20un%20gestionale%20semplice%20a%20soli%20100%E2%82%AC.%0A%0AChiaramente%20lo%20possiamo%20modificare%20con%20logo%20e%20altri%20minimi%20dettagli%20vostri.%0A%0ANessun%20impegno%3A%20dateci%20un%27occhiata%20e%20fatemi%20sapere%20cosa%20ne%20pensate%21%0A%0ALaura%20Borin%20-%20HubTec;https://hubtecit-srl.github.io/website/turkish-pizza-kebab-buttapietra.html;Buttapietra;2026-07-24
Bonus Food;388 453 7698;https://wa.me/393884537698?text=Buongiorno%2C%0ASono%20Laura%20di%20HubTec%2C%20azienda%20di%20Verona.%0A%0AHo%20notato%20che%20avete%20ottime%20recensioni%20ma%20nessun%20sito%20web%2C%20cosi%20ne%20ho%20gia%20preparato%20uno%20per%20voi%2C%20potete%20vederlo%20qui%3A%20https%3A//hubtecit-srl.github.io/website/bonus-food-buttapietra.html%0A%0ASe%20vi%20piace%2C%20lo%20attiviamo%20con%20soli%20200%E2%82%AC.%0A%0AIn%20piu%2C%20se%20volete%20gestirlo%20in%20autonomia%20%28cambiare%20testi%2C%20foto%2C%20orari%E2%80%A6%29%2C%20possiamo%20aggiungere%20un%20gestionale%20semplice%20a%20soli%20100%E2%82%AC.%0A%0AChiaramente%20lo%20possiamo%20modificare%20con%20logo%20e%20altri%20minimi%20dettagli%20vostri.%0A%0ANessun%20impegno%3A%20dateci%20un%27occhiata%20e%20fatemi%20sapere%20cosa%20ne%20pensate%21%0A%0ALaura%20Borin%20-%20HubTec;https://hubtecit-srl.github.io/website/bonus-food-buttapietra.html;Buttapietra;2026-07-24
Estetica Ariel;349 006 6994;https://wa.me/393490066994?text=Buongiorno%2C%0ASono%20Laura%20di%20HubTec%2C%20azienda%20di%20Verona.%0A%0AHo%20notato%20che%20avete%20ottime%20recensioni%20ma%20nessun%20sito%20web%2C%20cosi%20ne%20ho%20gia%20preparato%20uno%20per%20voi%2C%20potete%20vederlo%20qui%3A%20https%3A%2F%2Fhubtecit-srl.github.io%2Fwebsite%2Festetica-ariel-caldiero.html%0A%0ASe%20vi%20piace%2C%20lo%20attiviamo%20con%20soli%20200%E2%82%AC.%0A%0AIn%20piu%2C%20se%20volete%20gestirlo%20in%20autonomia%20%28cambiare%20testi%2C%20foto%2C%20orari%E2%80%A6%29%2C%20possiamo%20aggiungere%20un%20gestionale%20semplice%20a%20soli%20100%E2%82%AC.%0A%0AChiaramente%20lo%20possiamo%20modificare%20con%20logo%20e%20altri%20minimi%20dettagli%20vostri.%0A%0ANessun%20impegno%3A%20dateci%20un%27occhiata%20e%20fatemi%20sapere%20cosa%20ne%20pensate%21%0A%0ALaura%20Borin%20-%20HubTec;https://hubtecit-srl.github.io/website/estetica-ariel-caldiero.html;Caldiero;2026-07-27
Estetica Sonia;339 784 0121;https://wa.me/393397840121?text=Buongiorno%2C%0ASono%20Laura%20di%20HubTec%2C%20azienda%20di%20Verona.%0A%0AHo%20notato%20che%20avete%20ottime%20recensioni%20ma%20nessun%20sito%20web%2C%20cosi%20ne%20ho%20gia%20preparato%20uno%20per%20voi%2C%20potete%20vederlo%20qui%3A%20https%3A%2F%2Fhubtecit-srl.github.io%2Fwebsite%2Festetica-sonia-caldiero.html%0A%0ASe%20vi%20piace%2C%20lo%20attiviamo%20con%20soli%20200%E2%82%AC.%0A%0AIn%20piu%2C%20se%20volete%20gestirlo%20in%20autonomia%20%28cambiare%20testi%2C%20foto%2C%20orari%E2%80%A6%29%2C%20possiamo%20aggiungere%20un%20gestionale%20semplice%20a%20soli%20100%E2%82%AC.%0A%0AChiaramente%20lo%20possiamo%20modificare%20con%20logo%20e%20altri%20minimi%20dettagli%20vostri.%0A%0ANessun%20impegno%3A%20dateci%20un%27occhiata%20e%20fatemi%20sapere%20cosa%20ne%20pensate%21%0A%0ALaura%20Borin%20-%20HubTec;https://hubtecit-srl.github.io/website/estetica-sonia-caldiero.html;Caldiero;2026-07-27
Estetica Sole d'Oriente;348 097 7432;https://wa.me/393480977432?text=Buongiorno%2C%0ASono%20Laura%20di%20HubTec%2C%20azienda%20di%20Verona.%0A%0AHo%20notato%20che%20avete%20ottime%20recensioni%20ma%20nessun%20sito%20web%2C%20cosi%20ne%20ho%20gia%20preparato%20uno%20per%20voi%2C%20potete%20vederlo%20qui%3A%20https%3A%2F%2Fhubtecit-srl.github.io%2Fwebsite%2Festetica-sole-doriente-caldiero.html%0A%0ASe%20vi%20piace%2C%20lo%20attiviamo%20con%20soli%20200%E2%82%AC.%0A%0AIn%20piu%2C%20se%20volete%20gestirlo%20in%20autonomia%20%28cambiare%20testi%2C%20foto%2C%20orari%E2%80%A6%29%2C%20possiamo%20aggiungere%20un%20gestionale%20semplice%20a%20soli%20100%E2%82%AC.%0A%0AChiaramente%20lo%20possiamo%20modificare%20con%20logo%20e%20altri%20minimi%20dettagli%20vostri.%0A%0ANessun%20impegno%3A%20dateci%20un%27occhiata%20e%20fatemi%20sapere%20cosa%20ne%20pensate%21%0A%0ALaura%20Borin%20-%20HubTec;https://hubtecit-srl.github.io/website/estetica-sole-doriente-caldiero.html;Caldiero;2026-07-27
Estetica Caribe;350 059 6956;https://wa.me/393500596956?text=Buongiorno%2C%0ASono%20Laura%20di%20HubTec%2C%20azienda%20di%20Verona.%0A%0AHo%20notato%20che%20avete%20ottime%20recensioni%20ma%20nessun%20sito%20web%2C%20cosi%20ne%20ho%20gia%20preparato%20uno%20per%20voi%2C%20potete%20vederlo%20qui%3A%20https%3A%2F%2Fhubtecit-srl.github.io%2Fwebsite%2Festetica-caribe-caldiero.html%0A%0ASe%20vi%20piace%2C%20lo%20attiviamo%20con%20soli%20200%E2%82%AC.%0A%0AIn%20piu%2C%20se%20volete%20gestirlo%20in%20autonomia%20%28cambiare%20testi%2C%20foto%2C%20orari%E2%80%A6%29%2C%20possiamo%20aggiungere%20un%20gestionale%20semplice%20a%20soli%20100%E2%82%AC.%0A%0AChiaramente%20lo%20possiamo%20modificare%20con%20logo%20e%20altri%20minimi%20dettagli%20vostri.%0A%0ANessun%20impegno%3A%20dateci%20un%27occhiata%20e%20fatemi%20sapere%20cosa%20ne%20pensate%21%0A%0ALaura%20Borin%20-%20HubTec;https://hubtecit-srl.github.io/website/estetica-caribe-caldiero.html;Caldiero;2026-07-27
Emozioni Parrucchieri;333 695 4402;https://wa.me/393336954402?text=Buongiorno%2C%0ASono%20Laura%20di%20HubTec%2C%20azienda%20di%20Verona.%0A%0AHo%20notato%20che%20avete%20ottime%20recensioni%20ma%20nessun%20sito%20web%2C%20cosi%20ne%20ho%20gia%20preparato%20uno%20per%20voi%2C%20potete%20vederlo%20qui%3A%20https%3A//hubtecit-srl.github.io/website/emozioni-parrucchieri-caldiero.html%0A%0ASe%20vi%20piace%2C%20lo%20attiviamo%20con%20soli%20200%E2%82%AC.%0A%0AIn%20piu%2C%20se%20volete%20gestirlo%20in%20autonomia%20%28cambiare%20testi%2C%20foto%2C%20orari%E2%80%A6%29%2C%20possiamo%20aggiungere%20un%20gestionale%20semplice%20a%20soli%20100%E2%82%AC.%0A%0AChiaramente%20lo%20possiamo%20modificare%20con%20logo%20e%20altri%20minimi%20dettagli%20vostri.%0A%0ANessun%20impegno%3A%20dateci%20un%27occhiata%20e%20fatemi%20sapere%20cosa%20ne%20pensate%21%0A%0ALaura%20Borin%20-%20HubTec;https://hubtecit-srl.github.io/website/emozioni-parrucchieri-caldiero.html;Caldiero;2026-07-27
Tatiana Parrucchieri;347 196 4602;https://wa.me/393471964602?text=Buongiorno%2C%0ASono%20Laura%20di%20HubTec%2C%20azienda%20di%20Verona.%0A%0AHo%20notato%20che%20avete%20ottime%20recensioni%20ma%20nessun%20sito%20web%2C%20cosi%20ne%20ho%20gia%20preparato%20uno%20per%20voi%2C%20potete%20vederlo%20qui%3A%20https%3A//hubtecit-srl.github.io/website/tatiana-parrucchieri-caldiero.html%0A%0ASe%20vi%20piace%2C%20lo%20attiviamo%20con%20soli%20200%E2%82%AC.%0A%0AIn%20piu%2C%20se%20volete%20gestirlo%20in%20autonomia%20%28cambiare%20testi%2C%20foto%2C%20orari%E2%80%A6%29%2C%20possiamo%20aggiungere%20un%20gestionale%20semplice%20a%20soli%20100%E2%82%AC.%0A%0AChiaramente%20lo%20possiamo%20modificare%20con%20logo%20e%20altri%20minimi%20dettagli%20vostri.%0A%0ANessun%20impegno%3A%20dateci%20un%27occhiata%20e%20fatemi%20sapere%20cosa%20ne%20pensate%21%0A%0ALaura%20Borin%20-%20HubTec;https://hubtecit-srl.github.io/website/tatiana-parrucchieri-caldiero.html;Caldiero;2026-07-27
CG Parrucchieri;393 228 3710;https://wa.me/393932283710?text=Buongiorno%2C%0ASono%20Laura%20di%20HubTec%2C%20azienda%20di%20Verona.%0A%0AHo%20notato%20che%20avete%20ottime%20recensioni%20ma%20nessun%20sito%20web%2C%20cosi%20ne%20ho%20gia%20preparato%20uno%20per%20voi%2C%20potete%20vederlo%20qui%3A%20https%3A//hubtecit-srl.github.io/website/cg-parrucchieri-caldiero.html%0A%0ASe%20vi%20piace%2C%20lo%20attiviamo%20con%20soli%20200%E2%82%AC.%0A%0AIn%20piu%2C%20se%20volete%20gestirlo%20in%20autonomia%20%28cambiare%20testi%2C%20foto%2C%20orari%E2%80%A6%29%2C%20possiamo%20aggiungere%20un%20gestionale%20semplice%20a%20soli%20100%E2%82%AC.%0A%0AChiaramente%20lo%20possiamo%20modificare%20con%20logo%20e%20altri%20minimi%20dettagli%20vostri.%0A%0ANessun%20impegno%3A%20dateci%20un%27occhiata%20e%20fatemi%20sapere%20cosa%20ne%20pensate%21%0A%0ALaura%20Borin%20-%20HubTec;https://hubtecit-srl.github.io/website/cg-parrucchieri-caldiero.html;Caldiero;2026-07-27
Parrucchiera Rosalba;327 794 7396;https://wa.me/393277947396?text=Buongiorno%2C%0ASono%20Laura%20di%20HubTec%2C%20azienda%20di%20Verona.%0A%0AHo%20notato%20che%20avete%20ottime%20recensioni%20ma%20nessun%20sito%20web%2C%20cosi%20ne%20ho%20gia%20preparato%20uno%20per%20voi%2C%20potete%20vederlo%20qui%3A%20https%3A//hubtecit-srl.github.io/website/parrucchiera-rosalba-caldiero.html%0A%0ASe%20vi%20piace%2C%20lo%20attiviamo%20con%20soli%20200%E2%82%AC.%0A%0AIn%20piu%2C%20se%20volete%20gestirlo%20in%20autonomia%20%28cambiare%20testi%2C%20foto%2C%20orari%E2%80%A6%29%2C%20possiamo%20aggiungere%20un%20gestionale%20semplice%20a%20soli%20100%E2%82%AC.%0A%0AChiaramente%20lo%20possiamo%20modificare%20con%20logo%20e%20altri%20minimi%20dettagli%20vostri.%0A%0ANessun%20impegno%3A%20dateci%20un%27occhiata%20e%20fatemi%20sapere%20cosa%20ne%20pensate%21%0A%0ALaura%20Borin%20-%20HubTec;https://hubtecit-srl.github.io/website/parrucchiera-rosalba-caldiero.html;Caldiero;2026-07-27
Parrucchiera Ilaria;347 935 8389;https://wa.me/393479358389?text=Buongiorno%2C%0ASono%20Laura%20di%20HubTec%2C%20azienda%20di%20Verona.%0A%0AHo%20notato%20che%20avete%20ottime%20recensioni%20ma%20nessun%20sito%20web%2C%20cosi%20ne%20ho%20gia%20preparato%20uno%20per%20voi%2C%20potete%20vederlo%20qui%3A%20https%3A//hubtecit-srl.github.io/website/parrucchiera-ilaria-caldiero.html%0A%0ASe%20vi%20piace%2C%20lo%20attiviamo%20con%20soli%20200%E2%82%AC.%0A%0AIn%20piu%2C%20se%20volete%20gestirlo%20in%20autonomia%20%28cambiare%20testi%2C%20foto%2C%20orari%E2%80%A6%29%2C%20possiamo%20aggiungere%20un%20gestionale%20semplice%20a%20soli%20100%E2%82%AC.%0A%0AChiaramente%20lo%20possiamo%20modificare%20con%20logo%20e%20altri%20minimi%20dettagli%20vostri.%0A%0ANessun%20impegno%3A%20dateci%20un%27occhiata%20e%20fatemi%20sapere%20cosa%20ne%20pensate%21%0A%0ALaura%20Borin%20-%20HubTec;https://hubtecit-srl.github.io/website/parrucchiera-ilaria-caldiero.html;Caldiero;2026-07-27
Molinari Ornella;388 649 2751;https://wa.me/393886492751?text=Buongiorno%2C%0ASono%20Laura%20di%20HubTec%2C%20azienda%20di%20Verona.%0A%0AHo%20notato%20che%20avete%20ottime%20recensioni%20ma%20nessun%20sito%20web%2C%20cosi%20ne%20ho%20gia%20preparato%20uno%20per%20voi%2C%20potete%20vederlo%20qui%3A%20https%3A//hubtecit-srl.github.io/website/parrucchiera-molinari-ornella-caldiero.html%0A%0ASe%20vi%20piace%2C%20lo%20attiviamo%20con%20soli%20200%E2%82%AC.%0A%0AIn%20piu%2C%20se%20volete%20gestirlo%20in%20autonomia%20%28cambiare%20testi%2C%20foto%2C%20orari%E2%80%A6%29%2C%20possiamo%20aggiungere%20un%20gestionale%20semplice%20a%20soli%20100%E2%82%AC.%0A%0AChiaramente%20lo%20possiamo%20modificare%20con%20logo%20e%20altri%20minimi%20dettagli%20vostri.%0A%0ANessun%20impegno%3A%20dateci%20un%27occhiata%20e%20fatemi%20sapere%20cosa%20ne%20pensate%21%0A%0ALaura%20Borin%20-%20HubTec;https://hubtecit-srl.github.io/website/parrucchiera-molinari-ornella-caldiero.html;Caldiero;2026-07-27
Zermiani Susanna;392 037 1472;https://wa.me/393920371472?text=Buongiorno%2C%0ASono%20Laura%20di%20HubTec%2C%20azienda%20di%20Verona.%0A%0AHo%20notato%20che%20avete%20ottime%20recensioni%20ma%20nessun%20sito%20web%2C%20cosi%20ne%20ho%20gia%20preparato%20uno%20per%20voi%2C%20potete%20vederlo%20qui%3A%20https%3A%2F%2Fhubtecit-srl.github.io%2Fwebsite%2Fzermiani-susanna-caldiero.html%0A%0ASe%20vi%20piace%2C%20lo%20attiviamo%20con%20soli%20200%E2%82%AC.%0A%0AIn%20piu%2C%20se%20volete%20gestirlo%20in%20autonomia%20%28cambiare%20testi%2C%20foto%2C%20orari%E2%80%A6%29%2C%20possiamo%20aggiungere%20un%20gestionale%20semplice%20a%20soli%20100%E2%82%AC.%0A%0AChiaramente%20lo%20possiamo%20modificare%20con%20logo%20e%20altri%20minimi%20dettagli%20vostri.%0A%0ANessun%20impegno%3A%20dateci%20un%27occhiata%20e%20fatemi%20sapere%20cosa%20ne%20pensate%21%0A%0ALaura%20Borin%20-%20HubTec;https://hubtecit-srl.github.io/website/zermiani-susanna-caldiero.html;Caldiero;2026-07-27
Calidarium;389 062 9051;https://wa.me/393890629051?text=Buongiorno%2C%0ASono%20Laura%20di%20HubTec%2C%20azienda%20di%20Verona.%0A%0AHo%20notato%20che%20avete%20ottime%20recensioni%20ma%20nessun%20sito%20web%2C%20cosi%20ne%20ho%20gia%20preparato%20uno%20per%20voi%2C%20potete%20vederlo%20qui%3A%20https%3A%2F%2Fhubtecit-srl.github.io%2Fwebsite%2Fcalidarium-caldiero.html%0A%0ASe%20vi%20piace%2C%20lo%20attiviamo%20con%20soli%20200%E2%82%AC.%0A%0AIn%20piu%2C%20se%20volete%20gestirlo%20in%20autonomia%20%28cambiare%20testi%2C%20foto%2C%20orari%E2%80%A6%29%2C%20possiamo%20aggiungere%20un%20gestionale%20semplice%20a%20soli%20100%E2%82%AC.%0A%0AChiaramente%20lo%20possiamo%20modificare%20con%20logo%20e%20altri%20minimi%20dettagli%20vostri.%0A%0ANessun%20impegno%3A%20dateci%20un%27occhiata%20e%20fatemi%20sapere%20cosa%20ne%20pensate%21%0A%0ALaura%20Borin%20-%20HubTec;https://hubtecit-srl.github.io/website/calidarium-caldiero.html;Caldiero;2026-07-27
Estetica Eden;389 090 6444;https://wa.me/393890906444?text=Buongiorno%2C%0ASono%20Laura%20di%20HubTec%2C%20azienda%20di%20Verona.%0A%0AHo%20notato%20che%20avete%20ottime%20recensioni%20ma%20nessun%20sito%20web%2C%20cosi%20ne%20ho%20gia%20preparato%20uno%20per%20voi%2C%20potete%20vederlo%20qui%3A%20https%3A%2F%2Fhubtecit-srl.github.io%2Fwebsite%2Festetica-eden-caprino.html%0A%0ASe%20vi%20piace%2C%20lo%20attiviamo%20con%20soli%20200%E2%82%AC.%0A%0AIn%20piu%2C%20se%20volete%20gestirlo%20in%20autonomia%20%28cambiare%20testi%2C%20foto%2C%20orari%E2%80%A6%29%2C%20possiamo%20aggiungere%20un%20gestionale%20semplice%20a%20soli%20100%E2%82%AC.%0A%0AChiaramente%20lo%20possiamo%20modificare%20con%20logo%20e%20altri%20minimi%20dettagli%20vostri.%0A%0ANessun%20impegno%3A%20dateci%20un%27occhiata%20e%20fatemi%20sapere%20cosa%20ne%20pensate%21%0A%0ALaura%20Borin%20-%20HubTec;https://hubtecit-srl.github.io/website/estetica-eden-caprino.html;Caprino Veronese;2026-07-28
Rachele Pirola Beauty & PMU;340 826 8607;https://wa.me/393408268607?text=Buongiorno%2C%0ASono%20Laura%20di%20HubTec%2C%20azienda%20di%20Verona.%0A%0AHo%20notato%20che%20avete%20ottime%20recensioni%20ma%20nessun%20sito%20web%2C%20cosi%20ne%20ho%20gia%20preparato%20uno%20per%20voi%2C%20potete%20vederlo%20qui%3A%20https%3A%2F%2Fhubtecit-srl.github.io%2Fwebsite%2Frachele-pirola-beauty-caprino.html%0A%0ASe%20vi%20piace%2C%20lo%20attiviamo%20con%20soli%20200%E2%82%AC.%0A%0AIn%20piu%2C%20se%20volete%20gestirlo%20in%20autonomia%20%28cambiare%20testi%2C%20foto%2C%20orari%E2%80%A6%29%2C%20possiamo%20aggiungere%20un%20gestionale%20semplice%20a%20soli%20100%E2%82%AC.%0A%0AChiaramente%20lo%20possiamo%20modificare%20con%20logo%20e%20altri%20minimi%20dettagli%20vostri.%0A%0ANessun%20impegno%3A%20dateci%20un%27occhiata%20e%20fatemi%20sapere%20cosa%20ne%20pensate%21%0A%0ALaura%20Borin%20-%20HubTec;https://hubtecit-srl.github.io/website/rachele-pirola-beauty-caprino.html;Caprino Veronese;2026-07-28
Imperial Glow;351 656 9905;https://wa.me/393516569905?text=Buongiorno%2C%0ASono%20Laura%20di%20HubTec%2C%20azienda%20di%20Verona.%0A%0AHo%20notato%20che%20avete%20ottime%20recensioni%20ma%20nessun%20sito%20web%2C%20cosi%20ne%20ho%20gia%20preparato%20uno%20per%20voi%2C%20potete%20vederlo%20qui%3A%20https%3A%2F%2Fhubtecit-srl.github.io%2Fwebsite%2Fimperial-glow-caprino.html%0A%0ASe%20vi%20piace%2C%20lo%20attiviamo%20con%20soli%20200%E2%82%AC.%0A%0AIn%20piu%2C%20se%20volete%20gestirlo%20in%20autonomia%20%28cambiare%20testi%2C%20foto%2C%20orari%E2%80%A6%29%2C%20possiamo%20aggiungere%20un%20gestionale%20semplice%20a%20soli%20100%E2%82%AC.%0A%0AChiaramente%20lo%20possiamo%20modificare%20con%20logo%20e%20altri%20minimi%20dettagli%20vostri.%0A%0ANessun%20impegno%3A%20dateci%20un%27occhiata%20e%20fatemi%20sapere%20cosa%20ne%20pensate%21%0A%0ALaura%20Borin%20-%20HubTec;https://hubtecit-srl.github.io/website/imperial-glow-caprino.html;Caprino Veronese;2026-07-28
Parrucchieri La Dolce Bellezza;348 872 6385;https://wa.me/393488726385?text=Buongiorno%2C%0ASono%20Laura%20di%20HubTec%2C%20azienda%20di%20Verona.%0A%0AHo%20notato%20che%20avete%20ottime%20recensioni%20ma%20nessun%20sito%20web%2C%20cosi%20ne%20ho%20gia%20preparato%20uno%20per%20voi%2C%20potete%20vederlo%20qui%3A%20https%3A%2F%2Fhubtecit-srl.github.io%2Fwebsite%2Fla-dolce-bellezza-caprino.html%0A%0ASe%20vi%20piace%2C%20lo%20attiviamo%20con%20soli%20200%E2%82%AC.%0A%0AIn%20piu%2C%20se%20volete%20gestirlo%20in%20autonomia%20%28cambiare%20testi%2C%20foto%2C%20orari%E2%80%A6%29%2C%20possiamo%20aggiungere%20un%20gestionale%20semplice%20a%20soli%20100%E2%82%AC.%0A%0AChiaramente%20lo%20possiamo%20modificare%20con%20logo%20e%20altri%20minimi%20dettagli%20vostri.%0A%0ANessun%20impegno%3A%20dateci%20un%27occhiata%20e%20fatemi%20sapere%20cosa%20ne%20pensate%21%0A%0ALaura%20Borin%20-%20HubTec;https://hubtecit-srl.github.io/website/la-dolce-bellezza-caprino.html;Caprino Veronese;2026-07-28
New Style Dajana;348 801 0099;https://wa.me/393488010099?text=Buongiorno%2C%0ASono%20Laura%20di%20HubTec%2C%20azienda%20di%20Verona.%0A%0AHo%20notato%20che%20avete%20ottime%20recensioni%20ma%20nessun%20sito%20web%2C%20cosi%20ne%20ho%20gia%20preparato%20uno%20per%20voi%2C%20potete%20vederlo%20qui%3A%20https%3A%2F%2Fhubtecit-srl.github.io%2Fwebsite%2Fnew-style-dajana-caprino.html%0A%0ASe%20vi%20piace%2C%20lo%20attiviamo%20con%20soli%20200%E2%82%AC.%0A%0AIn%20piu%2C%20se%20volete%20gestirlo%20in%20autonomia%20%28cambiare%20testi%2C%20foto%2C%20orari%E2%80%A6%29%2C%20possiamo%20aggiungere%20un%20gestionale%20semplice%20a%20soli%20100%E2%82%AC.%0A%0AChiaramente%20lo%20possiamo%20modificare%20con%20logo%20e%20altri%20minimi%20dettagli%20vostri.%0A%0ANessun%20impegno%3A%20dateci%20un%27occhiata%20e%20fatemi%20sapere%20cosa%20ne%20pensate%21%0A%0ALaura%20Borin%20-%20HubTec;https://hubtecit-srl.github.io/website/new-style-dajana-caprino.html;Caprino Veronese;2026-07-28
Mani di Forbici di Stella Selma;347 499 0182;https://wa.me/393474990182?text=Buongiorno%2C%0ASono%20Laura%20di%20HubTec%2C%20azienda%20di%20Verona.%0A%0AHo%20notato%20che%20avete%20ottime%20recensioni%20ma%20nessun%20sito%20web%2C%20cosi%20ne%20ho%20gia%20preparato%20uno%20per%20voi%2C%20potete%20vederlo%20qui%3A%20https%3A//hubtecit-srl.github.io/website/mani-di-forbici-caprino-veronese.html%0A%0ASe%20vi%20piace%2C%20lo%20attiviamo%20con%20soli%20200%E2%82%AC.%0A%0AIn%20piu%2C%20se%20volete%20gestirlo%20in%20autonomia%20%28cambiare%20testi%2C%20foto%2C%20orari%E2%80%A6%29%2C%20possiamo%20aggiungere%20un%20gestionale%20semplice%20a%20soli%20100%E2%82%AC.%0A%0AChiaramente%20lo%20possiamo%20modificare%20con%20logo%20e%20altri%20minimi%20dettagli%20vostri.%0A%0ANessun%20impegno%3A%20dateci%20un%27occhiata%20e%20fatemi%20sapere%20cosa%20ne%20pensate%21%0A%0ALaura%20Borin%20-%20HubTec;https://hubtecit-srl.github.io/website/mani-di-forbici-caprino-veronese.html;Caprino Veronese;2026-07-28
Serena Style;331 420 7555;https://wa.me/393314207555?text=Buongiorno%2C%0ASono%20Laura%20di%20HubTec%2C%20azienda%20di%20Verona.%0A%0AHo%20notato%20che%20avete%20ottime%20recensioni%20ma%20nessun%20sito%20web%2C%20cosi%20ne%20ho%20gia%20preparato%20uno%20per%20voi%2C%20potete%20vederlo%20qui%3A%20https%3A//hubtecit-srl.github.io/website/serena-style-caprino-veronese.html%0A%0ASe%20vi%20piace%2C%20lo%20attiviamo%20con%20soli%20200%E2%82%AC.%0A%0AIn%20piu%2C%20se%20volete%20gestirlo%20in%20autonomia%20%28cambiare%20testi%2C%20foto%2C%20orari%E2%80%A6%29%2C%20possiamo%20aggiungere%20un%20gestionale%20semplice%20a%20soli%20100%E2%82%AC.%0A%0AChiaramente%20lo%20possiamo%20modificare%20con%20logo%20e%20altri%20minimi%20dettagli%20vostri.%0A%0ANessun%20impegno%3A%20dateci%20un%27occhiata%20e%20fatemi%20sapere%20cosa%20ne%20pensate%21%0A%0ALaura%20Borin%20-%20HubTec;https://hubtecit-srl.github.io/website/serena-style-caprino-veronese.html;Caprino Veronese;2026-07-28
IG Beauty Studio;351 703 2230;https://wa.me/393517032230?text=Buongiorno,%0ASono Laura di HubTec, azienda di Verona.%0A%0AHo notato che avete ottime recensioni ma nessun sito web, cosi ne ho gia preparato uno per voi, potete vederlo qui: https://hubtecit-srl.github.io/website/ig-beauty-studio-casaleone.html%0A%0ASe vi piace, lo attiviamo con soli 200€.%0A%0AIn piu, se volete gestirlo in autonomia (cambiare testi, foto, orari…), possiamo aggiungere un gestionale semplice a soli 100€.%0A%0AChiaramente lo possiamo modificare con logo e altri minimi dettagli vostri.%0A%0ANessun impegno: dateci un'occhiata e fatemi sapere cosa ne pensate!%0A%0ALaura Borin - HubTec;https://hubtecit-srl.github.io/website/ig-beauty-studio-casaleone.html;Casaleone;2026-07-28
Estetica Sunlight;389 061 7983;https://wa.me/393890617983?text=Buongiorno,%0ASono Laura di HubTec, azienda di Verona.%0A%0AHo notato che avete ottime recensioni ma nessun sito web, cosi ne ho gia preparato uno per voi, potete vederlo qui: https://hubtecit-srl.github.io/website/estetica-sunlight-casaleone.html%0A%0ASe vi piace, lo attiviamo con soli 200€.%0A%0AIn piu, se volete gestirlo in autonomia (cambiare testi, foto, orari…), possiamo aggiungere un gestionale semplice a soli 100€.%0A%0AChiaramente lo possiamo modificare con logo e altri minimi dettagli vostri.%0A%0ANessun impegno: dateci un'occhiata e fatemi sapere cosa ne pensate!%0A%0ALaura Borin - HubTec;https://hubtecit-srl.github.io/website/estetica-sunlight-casaleone.html;Casaleone;2026-07-28
Dacci un taglio di Castagna Rossella;351 934 1729;https://wa.me/393519341729?text=Buongiorno%2C%0ASono%20Laura%20di%20HubTec%2C%20azienda%20di%20Verona.%0A%0AHo%20notato%20che%20avete%20ottime%20recensioni%20ma%20nessun%20sito%20web%2C%20cosi%20ne%20ho%20gia%20preparato%20uno%20per%20voi%2C%20potete%20vederlo%20qui%3A%20https%3A//hubtecit-srl.github.io/website/dacci-un-taglio-casaleone.html%0A%0ASe%20vi%20piace%2C%20lo%20attiviamo%20con%20soli%20200%E2%82%AC.%0A%0AIn%20piu%2C%20se%20volete%20gestirlo%20in%20autonomia%20%28cambiare%20testi%2C%20foto%2C%20orari%E2%80%A6%29%2C%20possiamo%20aggiungere%20un%20gestionale%20semplice%20a%20soli%20100%E2%82%AC.%0A%0AChiaramente%20lo%20possiamo%20modificare%20con%20logo%20e%20altri%20minimi%20dettagli%20vostri.%0A%0ANessun%20impegno%3A%20dateci%20un%27occhiata%20e%20fatemi%20sapere%20cosa%20ne%20pensate%21%0A%0ALaura%20Borin%20-%20HubTec;https://hubtecit-srl.github.io/website/dacci-un-taglio-casaleone.html;Casaleone;2026-07-28
Parrucchiera Graziana;348 852 7195;https://wa.me/393488527195?text=Buongiorno%2C%0ASono%20Laura%20di%20HubTec%2C%20azienda%20di%20Verona.%0A%0AHo%20notato%20che%20avete%20ottime%20recensioni%20ma%20nessun%20sito%20web%2C%20cosi%20ne%20ho%20gia%20preparato%20uno%20per%20voi%2C%20potete%20vederlo%20qui%3A%20https%3A//hubtecit-srl.github.io/website/parrucchiera-graziana-casaleone.html%0A%0ASe%20vi%20piace%2C%20lo%20attiviamo%20con%20soli%20200%E2%82%AC.%0A%0AIn%20piu%2C%20se%20volete%20gestirlo%20in%20autonomia%20%28cambiare%20testi%2C%20foto%2C%20orari%E2%80%A6%29%2C%20possiamo%20aggiungere%20un%20gestionale%20semplice%20a%20soli%20100%E2%82%AC.%0A%0AChiaramente%20lo%20possiamo%20modificare%20con%20logo%20e%20altri%20minimi%20dettagli%20vostri.%0A%0ANessun%20impegno%3A%20dateci%20un%27occhiata%20e%20fatemi%20sapere%20cosa%20ne%20pensate%21%0A%0ALaura%20Borin%20-%20HubTec;https://hubtecit-srl.github.io/website/parrucchiera-graziana-casaleone.html;Casaleone;2026-07-28
Time di Selly e Fede;347 196 9396;https://wa.me/393471969396?text=Buongiorno%2C%0ASono%20Laura%20di%20HubTec%2C%20azienda%20di%20Verona.%0A%0AHo%20notato%20che%20avete%20ottime%20recensioni%20ma%20nessun%20sito%20web%2C%20cosi%20ne%20ho%20gia%20preparato%20uno%20per%20voi%2C%20potete%20vederlo%20qui%3A%20https%3A//hubtecit-srl.github.io/website/time-di-selly-e-fede-castel-dazzano.html%0A%0ASe%20vi%20piace%2C%20lo%20attiviamo%20con%20soli%20200%E2%82%AC.%0A%0AIn%20piu%2C%20se%20volete%20gestirlo%20in%20autonomia%20%28cambiare%20testi%2C%20foto%2C%20orari%E2%80%A6%29%2C%20possiamo%20aggiungere%20un%20gestionale%20semplice%20a%20soli%20100%E2%82%AC.%0A%0AChiaramente%20lo%20possiamo%20modificare%20con%20logo%20e%20altri%20minimi%20dettagli%20vostri.%0A%0ANessun%20impegno%3A%20dateci%20un%27occhiata%20e%20fatemi%20sapere%20cosa%20ne%20pensate%21%0A%0ALaura%20Borin%20-%20HubTec;https://hubtecit-srl.github.io/website/time-di-selly-e-fede-castel-dazzano.html;Castel d'Azzano;2026-07-28
Studio Nails Academy;333 331 0986;https://wa.me/393333310986?text=Buongiorno%2C%0ASono%20Laura%20di%20HubTec%2C%20azienda%20di%20Verona.%0A%0AHo%20notato%20che%20avete%20ottime%20recensioni%20ma%20nessun%20sito%20web%2C%20cosi%20ne%20ho%20gia%20preparato%20uno%20per%20voi%2C%20potete%20vederlo%20qui%3A%20https%3A//hubtecit-srl.github.io/website/studio-nails-academy-castel-dazzano.html%0A%0ASe%20vi%20piace%2C%20lo%20attiviamo%20con%20soli%20200%E2%82%AC.%0A%0AIn%20piu%2C%20se%20volete%20gestirlo%20in%20autonomia%20%28cambiare%20testi%2C%20foto%2C%20orari%E2%80%A6%29%2C%20possiamo%20aggiungere%20un%20gestionale%20semplice%20a%20soli%20100%E2%82%AC.%0A%0AChiaramente%20lo%20possiamo%20modificare%20con%20logo%20e%20altri%20minimi%20dettagli%20vostri.%0A%0ANessun%20impegno%3A%20dateci%20un%27occhiata%20e%20fatemi%20sapere%20cosa%20ne%20pensate%21%0A%0ALaura%20Borin%20-%20HubTec;https://hubtecit-srl.github.io/website/studio-nails-academy-castel-dazzano.html;Castel d'Azzano;2026-07-28
Nicole Falzi BeautyNails;388 993 4600;https://wa.me/393889934600?text=Buongiorno%2C%0ASono%20Laura%20di%20HubTec%2C%20azienda%20di%20Verona.%0A%0AHo%20notato%20che%20avete%20ottime%20recensioni%20ma%20nessun%20sito%20web%2C%20cosi%20ne%20ho%20gia%20preparato%20uno%20per%20voi%2C%20potete%20vederlo%20qui%3A%20https%3A//hubtecit-srl.github.io/website/nicole-falzi-beautynails-castel-dazzano.html%0A%0ASe%20vi%20piace%2C%20lo%20attiviamo%20con%20soli%20200%E2%82%AC.%0A%0AIn%20piu%2C%20se%20volete%20gestirlo%20in%20autonomia%20%28cambiare%20testi%2C%20foto%2C%20orari%E2%80%A6%29%2C%20possiamo%20aggiungere%20un%20gestionale%20semplice%20a%20soli%20100%E2%82%AC.%0A%0AChiaramente%20lo%20possiamo%20modificare%20con%20logo%20e%20altri%20minimi%20dettagli%20vostri.%0A%0ANessun%20impegno%3A%20dateci%20un%27occhiata%20e%20fatemi%20sapere%20cosa%20ne%20pensate%21%0A%0ALaura%20Borin%20-%20HubTec;https://hubtecit-srl.github.io/website/nicole-falzi-beautynails-castel-dazzano.html;Castel d'Azzano;2026-07-28
Parrucchidea di Ketty Caldana;349 165 7952;https://wa.me/393491657952?text=Buongiorno%2C%0ASono%20Laura%20di%20HubTec%2C%20azienda%20di%20Verona.%0A%0AHo%20notato%20che%20avete%20ottime%20recensioni%20ma%20nessun%20sito%20web%2C%20cosi%20ne%20ho%20gia%20preparato%20uno%20per%20voi%2C%20potete%20vederlo%20qui%3A%20https%3A%2F%2Fhubtecit-srl.github.io%2Fwebsite%2Fparrucchidea-castel-dazzano.html%0A%0ASe%20vi%20piace%2C%20lo%20attiviamo%20con%20soli%20200%E2%82%AC.%0A%0AIn%20piu%2C%20se%20volete%20gestirlo%20in%20autonomia%20%28cambiare%20testi%2C%20foto%2C%20orari%E2%80%A6%29%2C%20possiamo%20aggiungere%20un%20gestionale%20semplice%20a%20soli%20100%E2%82%AC.%0A%0AChiaramente%20lo%20possiamo%20modificare%20con%20logo%20e%20altri%20minimi%20dettagli%20vostri.%0A%0ANessun%20impegno%3A%20dateci%20un%27occhiata%20e%20fatemi%20sapere%20cosa%20ne%20pensate%21%0A%0ALaura%20Borin%20-%20HubTec;https://hubtecit-srl.github.io/website/parrucchidea-castel-dazzano.html;Castel d'Azzano;2026-07-28
Alchimie;320 040 8186;https://wa.me/393200408186?text=Buongiorno%2C%0ASono%20Laura%20di%20HubTec%2C%20azienda%20di%20Verona.%0A%0AHo%20notato%20che%20avete%20ottime%20recensioni%20ma%20nessun%20sito%20web%2C%20cosi%20ne%20ho%20gia%20preparato%20uno%20per%20voi%2C%20potete%20vederlo%20qui%3A%20https%3A%2F%2Fhubtecit-srl.github.io%2Fwebsite%2Falchimie-castel-dazzano.html%0A%0ASe%20vi%20piace%2C%20lo%20attiviamo%20con%20soli%20200%E2%82%AC.%0A%0AIn%20piu%2C%20se%20volete%20gestirlo%20in%20autonomia%20%28cambiare%20testi%2C%20foto%2C%20orari%E2%80%A6%29%2C%20possiamo%20aggiungere%20un%20gestionale%20semplice%20a%20soli%20100%E2%82%AC.%0A%0AChiaramente%20lo%20possiamo%20modificare%20con%20logo%20e%20altri%20minimi%20dettagli%20vostri.%0A%0ANessun%20impegno%3A%20dateci%20un%27occhiata%20e%20fatemi%20sapere%20cosa%20ne%20pensate%21%0A%0ALaura%20Borin%20-%20HubTec;https://hubtecit-srl.github.io/website/alchimie-castel-dazzano.html;Castel d'Azzano;2026-07-28
Parrucchiera & Estetista 2088;324 288 8879;https://wa.me/393242888879?text=Buongiorno%2C%0ASono%20Laura%20di%20HubTec%2C%20azienda%20di%20Verona.%0A%0AHo%20notato%20che%20avete%20ottime%20recensioni%20ma%20nessun%20sito%20web%2C%20cosi%20ne%20ho%20gia%20preparato%20uno%20per%20voi%2C%20potete%20vederlo%20qui%3A%20https%3A%2F%2Fhubtecit-srl.github.io%2Fwebsite%2Fparrucchiera-estetista-2088-castel-dazzano.html%0A%0ASe%20vi%20piace%2C%20lo%20attiviamo%20con%20soli%20200%E2%82%AC.%0A%0AIn%20piu%2C%20se%20volete%20gestirlo%20in%20autonomia%20%28cambiare%20testi%2C%20foto%2C%20orari%E2%80%A6%29%2C%20possiamo%20aggiungere%20un%20gestionale%20semplice%20a%20soli%20100%E2%82%AC.%0A%0AChiaramente%20lo%20possiamo%20modificare%20con%20logo%20e%20altri%20minimi%20dettagli%20vostri.%0A%0ANessun%20impegno%3A%20dateci%20un%27occhiata%20e%20fatemi%20sapere%20cosa%20ne%20pensate%21%0A%0ALaura%20Borin%20-%20HubTec;https://hubtecit-srl.github.io/website/parrucchiera-estetista-2088-castel-dazzano.html;Castel d'Azzano;2026-07-28
Controlx;351 796 8551;https://wa.me/393517968551?text=Buongiorno%2C%0ASono%20Laura%20di%20HubTec%2C%20azienda%20di%20Verona.%0A%0AHo%20notato%20che%20avete%20ottime%20recensioni%20ma%20nessun%20sito%20web%2C%20cosi%20ne%20ho%20gia%20preparato%20uno%20per%20voi%2C%20potete%20vederlo%20qui%3A%20https%3A%2F%2Fhubtecit-srl.github.io%2Fwebsite%2Fcontrolx-castel-dazzano.html%0A%0ASe%20vi%20piace%2C%20lo%20attiviamo%20con%20soli%20200%E2%82%AC.%0A%0AIn%20piu%2C%20se%20volete%20gestirlo%20in%20autonomia%20%28cambiare%20testi%2C%20foto%2C%20orari%E2%80%A6%29%2C%20possiamo%20aggiungere%20un%20gestionale%20semplice%20a%20soli%20100%E2%82%AC.%0A%0AChiaramente%20lo%20possiamo%20modificare%20con%20logo%20e%20altri%20minimi%20dettagli%20vostri.%0A%0ANessun%20impegno%3A%20dateci%20un%27occhiata%20e%20fatemi%20sapere%20cosa%20ne%20pensate%21%0A%0ALaura%20Borin%20-%20HubTec;https://hubtecit-srl.github.io/website/controlx-castel-dazzano.html;Castel d'Azzano;2026-07-28
Lisa Style;340 837 3491;https://wa.me/393408373491?text=Buongiorno%2C%0ASono%20Laura%20di%20HubTec%2C%20azienda%20di%20Verona.%0A%0AHo%20notato%20che%20avete%20ottime%20recensioni%20ma%20nessun%20sito%20web%2C%20cosi%20ne%20ho%20gia%20preparato%20uno%20per%20voi%2C%20potete%20vederlo%20qui%3A%20https%3A//hubtecit-srl.github.io/website/lisa-style-castel-dazzano.html%0A%0ASe%20vi%20piace%2C%20lo%20attiviamo%20con%20soli%20200%E2%82%AC.%0A%0AIn%20piu%2C%20se%20volete%20gestirlo%20in%20autonomia%20%28cambiare%20testi%2C%20foto%2C%20orari%E2%80%A6%29%2C%20possiamo%20aggiungere%20un%20gestionale%20semplice%20a%20soli%20100%E2%82%AC.%0A%0AChiaramente%20lo%20possiamo%20modificare%20con%20logo%20e%20altri%20minimi%20dettagli%20vostri.%0A%0ANessun%20impegno%3A%20dateci%20un%27occhiata%20e%20fatemi%20sapere%20cosa%20ne%20pensate%21%0A%0ALaura%20Borin%20-%20HubTec;https://hubtecit-srl.github.io/website/lisa-style-castel-dazzano.html;Castel d'Azzano;2026-07-29
A Testa Alta di Casarotti Denise;345 452 2491;https://wa.me/393454522491?text=Buongiorno%2C%0ASono%20Laura%20di%20HubTec%2C%20azienda%20di%20Verona.%0A%0AHo%20notato%20che%20avete%20ottime%20recensioni%20ma%20nessun%20sito%20web%2C%20cosi%20ne%20ho%20gia%20preparato%20uno%20per%20voi%2C%20potete%20vederlo%20qui%3A%20https%3A//hubtecit-srl.github.io/website/a-testa-alta-castel-dazzano.html%0A%0ASe%20vi%20piace%2C%20lo%20attiviamo%20con%20soli%20200%E2%82%AC.%0A%0AIn%20piu%2C%20se%20volete%20gestirlo%20in%20autonomia%20%28cambiare%20testi%2C%20foto%2C%20orari%E2%80%A6%29%2C%20possiamo%20aggiungere%20un%20gestionale%20semplice%20a%20soli%20100%E2%82%AC.%0A%0AChiaramente%20lo%20possiamo%20modificare%20con%20logo%20e%20altri%20minimi%20dettagli%20vostri.%0A%0ANessun%20impegno%3A%20dateci%20un%27occhiata%20e%20fatemi%20sapere%20cosa%20ne%20pensate%21%0A%0ALaura%20Borin%20-%20HubTec;https://hubtecit-srl.github.io/website/a-testa-alta-castel-dazzano.html;Castel d'Azzano;2026-07-29
Giusy's style acconciature;045 512821;https://wa.me/393384615292?text=Buongiorno%2C%0ASono%20Laura%20di%20HubTec%2C%20azienda%20di%20Verona.%0A%0AHo%20notato%20che%20avete%20ottime%20recensioni%20ma%20nessun%20sito%20web%2C%20cosi%20ne%20ho%20gia%20preparato%20uno%20per%20voi%2C%20potete%20vederlo%20qui%3A%20https%3A//hubtecit-srl.github.io/website/giusys-style-castel-dazzano.html%0A%0ASe%20vi%20piace%2C%20lo%20attiviamo%20con%20soli%20200%E2%82%AC.%0A%0AIn%20piu%2C%20se%20volete%20gestirlo%20in%20autonomia%20%28cambiare%20testi%2C%20foto%2C%20orari%E2%80%A6%29%2C%20possiamo%20aggiungere%20un%20gestionale%20semplice%20a%20soli%20100%E2%82%AC.%0A%0AChiaramente%20lo%20possiamo%20modificare%20con%20logo%20e%20altri%20minimi%20dettagli%20vostri.%0A%0ANessun%20impegno%3A%20dateci%20un%27occhiata%20e%20fatemi%20sapere%20cosa%20ne%20pensate%21%0A%0ALaura%20Borin%20-%20HubTec;https://hubtecit-srl.github.io/website/giusys-style-castel-dazzano.html;Castel d'Azzano;2026-07-29
Stefania Acconciature Di Pellegrini Stefania;331 886 2219;https://wa.me/393318862219?text=Buongiorno%2C%0ASono%20Laura%20di%20HubTec%2C%20azienda%20di%20Verona.%0A%0AHo%20notato%20che%20avete%20ottime%20recensioni%20ma%20nessun%20sito%20web%2C%20cosi%20ne%20ho%20gia%20preparato%20uno%20per%20voi%2C%20potete%20vederlo%20qui%3A%20https%3A//hubtecit-srl.github.io/website/stefania-acconciature-castel-dazzano.html%0A%0ASe%20vi%20piace%2C%20lo%20attiviamo%20con%20soli%20200%E2%82%AC.%0A%0AIn%20piu%2C%20se%20volete%20gestirlo%20in%20autonomia%20%28cambiare%20testi%2C%20foto%2C%20orari%E2%80%A6%29%2C%20possiamo%20aggiungere%20un%20gestionale%20semplice%20a%20soli%20100%E2%82%AC.%0A%0AChiaramente%20lo%20possiamo%20modificare%20con%20logo%20e%20altri%20minimi%20dettagli%20vostri.%0A%0ANessun%20impegno%3A%20dateci%20un%27occhiata%20e%20fatemi%20sapere%20cosa%20ne%20pensate%21%0A%0ALaura%20Borin%20-%20HubTec;https://hubtecit-srl.github.io/website/stefania-acconciature-castel-dazzano.html;Castel d'Azzano;2026-07-29
SHAFAY SALON castel da azzano;327 490 7503;https://wa.me/393274907503?text=Buongiorno%2C%0ASono%20Laura%20di%20HubTec%2C%20azienda%20di%20Verona.%0A%0AHo%20notato%20che%20avete%20ottime%20recensioni%20ma%20nessun%20sito%20web%2C%20cosi%20ne%20ho%20gia%20preparato%20uno%20per%20voi%2C%20potete%20vederlo%20qui%3A%20https%3A//hubtecit-srl.github.io/website/shafay-salon-castel-dazzano.html%0A%0ASe%20vi%20piace%2C%20lo%20attiviamo%20con%20soli%20200%E2%82%AC.%0A%0AIn%20piu%2C%20se%20volete%20gestirlo%20in%20autonomia%20%28cambiare%20testi%2C%20foto%2C%20orari%E2%80%A6%29%2C%20possiamo%20aggiungere%20un%20gestionale%20semplice%20a%20soli%20100%E2%82%AC.%0A%0AChiaramente%20lo%20possiamo%20modificare%20con%20logo%20e%20altri%20minimi%20dettagli%20vostri.%0A%0ANessun%20impegno%3A%20dateci%20un%27occhiata%20e%20fatemi%20sapere%20cosa%20ne%20pensate%21%0A%0ALaura%20Borin%20-%20HubTec;https://hubtecit-srl.github.io/website/shafay-salon-castel-dazzano.html;Castel d'Azzano;2026-07-29
Parrucchiera Simonetta - Capelli Tra Le Mani;320 303 3952;https://wa.me/393203033952?text=Buongiorno%2C%0ASono%20Laura%20di%20HubTec%2C%20azienda%20di%20Verona.%0A%0AHo%20notato%20che%20avete%20ottime%20recensioni%20ma%20nessun%20sito%20web%2C%20cosi%20ne%20ho%20gia%20preparato%20uno%20per%20voi%2C%20potete%20vederlo%20qui%3A%20https%3A//hubtecit-srl.github.io/website/parrucchiera-simonetta-castel-dazzano.html%0A%0ASe%20vi%20piace%2C%20lo%20attiviamo%20con%20soli%20200%E2%82%AC.%0A%0AIn%20piu%2C%20se%20volete%20gestirlo%20in%20autonomia%20%28cambiare%20testi%2C%20foto%2C%20orari%E2%80%A6%29%2C%20possiamo%20aggiungere%20un%20gestionale%20semplice%20a%20soli%20100%E2%82%AC.%0A%0AChiaramente%20lo%20possiamo%20modificare%20con%20logo%20e%20altri%20minimi%20dettagli%20vostri.%0A%0ANessun%20impegno%3A%20dateci%20un%27occhiata%20e%20fatemi%20sapere%20cosa%20ne%20pensate%21%0A%0ALaura%20Borin%20-%20HubTec;https://hubtecit-srl.github.io/website/parrucchiera-simonetta-castel-dazzano.html;Castel d'Azzano;2026-07-29
